source,target,weight,p_value
Androgen,TMPRSS2,11.4906307374,2.38480595753e-47
Androgen,NKX3-1,10.6225511027,2.20510249279e-44
Androgen,MBOAT2,10.4727329721,4.63237583753e-44
Androgen,KLK2,10.176185878,1.94440984116e-40
Androgen,SARG,11.3868523945,2.79021042494e-40
Androgen,SLC38A4,7.36380493768,1.2530712379499999e-39
Androgen,MTMR9,6.13064559946,2.53440310636e-38
Androgen,ZBTB16,10.6144369438,1.5671524173199998e-36
Androgen,KCNN2,9.4731988889,7.711871976159999e-36
Androgen,OPRK1,-5.62607353634,1.11424476068e-35
Androgen,ADAM7,3.11174530687,3.11445587816e-32
Androgen,ABCC4,9.37428478112,2.00952123408e-31
Androgen,MYBPC1,4.60857869284,6.80727789424e-31
Androgen,EAF2,6.94490738852,7.84196439434e-31
Androgen,KLK3,14.6068407674,9.1960446294e-31
Androgen,OTULINL,7.7082177175,3.93720268298e-30
Androgen,PEX10,5.74946026182,1.41057071519e-29
Androgen,SI,-5.79500307445,3.98607715937e-29
Androgen,SNAI2,19.8215089854,8.15238863253e-29
Androgen,CAMKK2,3.73954403123,2.5901300099799996e-28
Androgen,BMPR1B,4.63408450531,6.182863005389999e-28
Androgen,F5,6.087825897,1.2047764921100001e-27
Androgen,LIFR,8.6125146918,1.13344863945e-26
Androgen,MAK,5.31367285271,4.17686469859e-26
Androgen,GNMT,5.67263863695,9.32638494399e-25
Androgen,MPC2,5.88831328709,1.22053441289e-24
Androgen,CTNNA2,3.86912654352,1.5381996096999999e-24
Androgen,CLDN8,7.82616312833,3.29816151774e-24
Androgen,LRRFIP2,4.14418717192,1.81210483807e-23
Androgen,LRRC31,-5.18102258915,2.4785945719399997e-23
Androgen,LPAR3,5.84827847574,6.07583983209e-23
Androgen,SLC15A2,5.13992665138,6.74975732461e-23
Androgen,ELL2,6.5675774538,1.3633690207799998e-22
Androgen,IGF1R,5.01152202997,1.45270633533e-21
Androgen,DNM1L,4.18867959332,2.1356182018e-21
Androgen,LRIG1,6.62607205612,3.99308941978e-21
Androgen,SLITRK3,-3.32064361336,1.5034623307e-20
Androgen,KCNMA1,3.54241990608,2.3839984073e-20
Androgen,NPPC,4.04611571241,7.79335202273e-20
Androgen,ELK4,2.73317183336,6.21306212193e-19
Androgen,MRPS18A,3.92493588807,9.54706820929e-19
Androgen,CBLL1,5.32543758834,1.08452613931e-18
Androgen,AFF3,2.48009244085,1.6895338963500002e-18
Androgen,SGK1,12.8168418138,2.0550632592200004e-18
Androgen,STK39,6.93412462041,2.0842887448600002e-18
Androgen,PMEPA1,10.9989122239,2.12761317132e-18
Androgen,MALT1,6.66978209415,2.36319782023e-18
Androgen,CDK8,-4.29086828336,2.51413222544e-18
Androgen,CROT,4.35830672292,2.72477608693e-18
Androgen,PGC,4.7496332151,4.11145422896e-18
Androgen,STEAP4,9.19433931111,6.517039307220001e-18
Androgen,NSMAF,3.28454451793,6.95956498147e-18
Androgen,GPR63,-3.22759309882,1.3055475378200001e-17
Androgen,TLL1,-2.46391807731,1.59406591342e-17
Androgen,MAF,5.86387138398,1.8056603569e-17
Androgen,DHCR24,6.84300840294,2.6801968894500002e-17
Androgen,FRK,4.70024893522,2.99302199579e-17
Androgen,CENPN,8.49101673326,3.5028718403200003e-17
Androgen,SORD,5.77756578443,3.58729607104e-17
Androgen,IQGAP2,5.12448342846,5.2863691776800005e-17
Androgen,MPHOSPH9,5.10619862739,5.4726911601100005e-17
Androgen,HOXC13,-3.63425580489,8.30110521046e-17
Androgen,CHRNA2,3.3317016194,8.72289731002e-17
Androgen,CTBP1,-2.89217188229,9.908482091860001e-17
Androgen,KLF15,2.83253408437,1.12346766139e-16
Androgen,ACSL3,8.25821358567,1.19060922689e-16
Androgen,TPD52,4.54571137515,3.1813599239199997e-16
Androgen,SPDEF,3.75095128457,3.4528428203e-16
Androgen,FZD5,4.68661955181,3.95334834012e-16
Androgen,GRIK1,-1.64651345517,6.57513780357e-16
Androgen,CSGALNACT1,6.84603443294,6.872220752e-16
Androgen,DNASE2B,3.01132858824,6.89044176442e-16
Androgen,PHF8,1.86964493558,1.20085732185e-15
Androgen,ARHGEF26,5.31107976025,1.57487578479e-15
Androgen,UAP1,7.62235942884,1.84488932249e-15
Androgen,ECI2,4.26810222296,2.0814583281399997e-15
Androgen,ADPRM,4.13348871896,2.4499951073499997e-15
Androgen,GRHL2,4.29572486397,3.23687418898e-15
Androgen,ENDOD1,6.51615227021,3.37749880923e-15
Androgen,NCAPD3,8.44090141153,7.14774480358e-15
Androgen,AZGP1,5.81835009695,8.18288355798e-15
Androgen,ACP3,-3.01472809845,9.00291293176e-15
Androgen,TSPAN3,-3.04694823602,1.1254764484799999e-14
Androgen,IGF1,2.68011765402,1.2751416508000001e-14
Androgen,PDE9A,2.90020939568,1.59121713278e-14
Androgen,SYTL2,-5.38953615735,1.70753611118e-14
Androgen,PPP2CB,2.35261800325,2.7706333775499997e-14
Androgen,MYNN,-2.91880437202,2.8020413312e-14
Androgen,RAB3B,4.39309957965,3.31498643161e-14
Androgen,SEC14L2,4.38852738911,3.4431298313599995e-14
Androgen,PSMD8,3.65732836091,3.63130513581e-14
Androgen,UBE2J1,3.76002103397,3.7958081863899994e-14
Androgen,FUT8,-4.40595359044,7.24871844689e-14
Androgen,PAK1IP1,7.6919315634,9.461596297639999e-14
Androgen,MANEA,-4.00414637037,1.16701147392e-13
Androgen,GCG,-2.17133592689,1.25162965851e-13
Androgen,SELENOP,6.33678058131,1.2801463519300001e-13
Androgen,TRPM8,3.83541868895,1.47502166728e-13
Androgen,SCAP,2.92921089044,1.59470971519e-13
Androgen,MCCC2,2.80800480204,2.0083809352900001e-13
EGFR,LZTFL1,-1.873876929252963,2.080995548762294e-18
EGFR,PHLDA2,3.5051383414014112,2.0530624360982718e-17
EGFR,DUSP6,12.629312588446036,6.537323955474059e-17
EGFR,DUSP5,7.943039506997307,6.866690049500147e-17
EGFR,PHLDA1,6.619626128742468,3.410693294717719e-16
EGFR,CRIPT,-2.0449378698683227,3.7781313245776793e-16
EGFR,DUSP4,6.967179671474087,5.487505765913519e-16
EGFR,EPHA2,5.4111841020654285,6.199382974586766e-16
EGFR,MCCC1,-2.17032352979398,3.200006132629977e-15
EGFR,HAS3,2.923737765119489,4.898721373155214e-15
EGFR,VAV3,-3.386485036216109,5.0496118788377256e-15
EGFR,FOSL1,7.647829795338416,6.806464968351956e-15
EGFR,SENP7,-2.1103437828969924,1.0328673053197286e-14
EGFR,BZW1,2.746151949488983,1.0816093980751852e-14
EGFR,EGR4,2.9530763854223228,3.1981002741912816e-14
EGFR,POT1,-1.8333008584025583,4.8412458080788727e-14
EGFR,LAMC2,3.920115723402268,6.321007945177382e-14
EGFR,ATG2B,-1.6455804469932764,7.205704250703704e-14
EGFR,NR1D2,-3.0832724486774854,7.311224348436502e-14
EGFR,LARP7,-0.9170774557824304,1.2447288402888332e-13
EGFR,MYO1A,0.9947781195140428,1.382085630944513e-13
EGFR,GOLPH3L,-2.7415248706060975,1.6256791477257214e-13
EGFR,KIAA1522,-2.506941467337292,1.8561881207327256e-13
EGFR,ADORA1,1.2678100083900097,2.695409213643443e-13
EGFR,RABGAP1,-1.2694002588993438,2.695814225575056e-13
EGFR,SYF2,-1.4076357524680667,3.1371431039991696e-13
EGFR,BBIP1,-1.184318958232922,3.5927451379405497e-13
EGFR,PCMTD2,-2.195375446325962,4.0342454296900035e-13
EGFR,CHRNA10,0.689980899769992,4.678049281274496e-13
EGFR,MARF1,-2.298468517446856,4.76513789509986e-13
EGFR,RETREG3,-2.1223177844002925,5.555497318038874e-13
EGFR,PNP,4.643619941645966,5.975321665693824e-13
EGFR,ATXN3,-1.2742786737691196,6.115840121533756e-13
EGFR,ETFDH,-1.668458754983148,6.390856683559882e-13
EGFR,SPOCD1,4.295689401219409,6.90564814191275e-13
EGFR,NBR1,-1.997203364164864,1.1358566550996505e-12
EGFR,TRIB1,3.917794383276805,1.1973903561509756e-12
EGFR,ELF2,-1.3429287000126269,1.2698948043696344e-12
EGFR,PLEK2,3.43925696360287,1.4464428755858156e-12
EGFR,CLDN8,-2.018707848487331,1.9898873907603387e-12
EGFR,ZNF224,-1.3973098554739216,2.0746794737339123e-12
EGFR,CBARP,0.9794424786218808,2.5590335902141e-12
EGFR,RNF146,-2.1708211640021235,2.582500040181218e-12
EGFR,EAPP,-2.2398997303308854,2.724263973594626e-12
EGFR,BSDC1,-1.2693689680961624,2.795469787965798e-12
EGFR,RAB33B,-1.7836428159636903,3.049075733086697e-12
EGFR,MBTPS1,-1.4066013754786937,3.460666389836151e-12
EGFR,MDFI,1.1601090725994416,4.064011239846541e-12
EGFR,KCNF1,1.5758757301367112,4.139417919054291e-12
EGFR,RBM48,-1.0537742383023745,4.164230758709811e-12
EGFR,KLHDC2,-3.593929654559083,5.336253791263421e-12
EGFR,AEN,2.987402897428214,5.3670655532329465e-12
EGFR,PWP2,1.1724883837862146,5.592256050068026e-12
EGFR,DYNC2LI1,-1.4302386019583069,6.1040572147944295e-12
EGFR,CCDC28A,-3.1018147713203996,6.800547308050611e-12
EGFR,EFHC1,-2.0346036601314106,7.0985630290386295e-12
EGFR,XRCC3,1.487957075070578,7.443976695509594e-12
EGFR,SPATA2L,1.7564976683917295,7.557238649548598e-12
EGFR,SLC45A3,1.902438901805597,8.612087450169518e-12
EGFR,WDR19,-1.4937894240640512,8.978147833820484e-12
EGFR,TRH,0.7719646613807655,9.407463598375554e-12
EGFR,TMEM59,-1.864066426580397,9.424570780396212e-12
EGFR,CEPT1,-0.9945937341242642,1.2027884769467304e-11
EGFR,ZNF75D,-1.3158194734458744,1.4412896791086564e-11
EGFR,TUBB4B,4.084510207636249,1.6563049793219292e-11
EGFR,HMOX2,1.7196379725677713,1.7181624062144987e-11
EGFR,ODC1,4.678550828963831,1.7276539727449614e-11
EGFR,EXD3,0.7799245134709468,1.7501037235775418e-11
EGFR,RCOR3,-1.6707723934808358,1.7571456603383403e-11
EGFR,ZNF350,-1.2635000674740438,2.1643722690592303e-11
EGFR,DCAF13,1.434232957050236,2.220264436931697e-11
EGFR,N4BP2L2,-1.5940146460304414,2.330035273061696e-11
EGFR,AJUBA,-3.1932646626203125,2.395938476928876e-11
EGFR,MMUT,-1.6908695700558949,2.4575924368069158e-11
EGFR,CFL1,1.3292454786626662,2.77853193596486e-11
EGFR,GPR75,1.0370395152926324,2.8023841590766585e-11
EGFR,TRIM52,-2.012160331907214,3.2450401880494924e-11
EGFR,ZNF451,-1.0560068807443646,4.2144089037918817e-11
EGFR,GRAMD1C,-2.7970919926897237,4.4443312073733286e-11
EGFR,C2CD5,-1.939043070159012,5.24568735600833e-11
EGFR,ZNF571,-1.903966941985998,6.067182703122565e-11
EGFR,ZBED8,-3.1168487742826496,6.276850880143654e-11
EGFR,PTHLH,3.6139766530130992,6.995017499719272e-11
EGFR,CARF,-1.6012840814043696,8.672887358773903e-11
EGFR,SH2D5,2.4321329761194748,8.678847357905688e-11
EGFR,ZSCAN31,-3.1000917088831597,8.866609778781583e-11
EGFR,MYEOV,1.7266324343740325,9.22206984933342e-11
EGFR,PNISR,-1.5953880431843823,1.0001125833144802e-10
EGFR,TTC33,-1.3844089815723284,1.0240230292508416e-10
EGFR,DSPP,2.3503871126951883,1.0819565675562869e-10
EGFR,ANAPC16,-1.821018358054228,1.193267587599775e-10
EGFR,EGR3,6.271415501113189,1.2871065902881578e-10
EGFR,FOXN3,-1.679543012599012,1.2927045245116148e-10
EGFR,PEX1,-1.661662409061576,1.4416771370518194e-10
EGFR,TOMM34,1.805978792987492,1.5100001728181333e-10
EGFR,ABHD18,-1.2730325781368033,1.5579052332465343e-10
EGFR,NPNT,-1.8713559663434385,1.601218229073691e-10
EGFR,SUDS3,-2.195319617651939,1.6098490219030872e-10
EGFR,GABARAPL1,-2.959643453525015,1.6825616924859874e-10
EGFR,AUH,-2.194003514605811,1.7036463974682275e-10
Estrogen,GREB1,17.2401728397,8.583551497149999e-57
Estrogen,TFF1,14.4302547293,4.18000223188e-51
Estrogen,RET,10.7180267789,3.1097880861400003e-50
Estrogen,HEY2,11.4823694969,3.12912206831e-44
Estrogen,RAPGEFL1,10.544895916,5.197092852539999e-43
Estrogen,PGR,8.52814244888,1.37556045779e-41
Estrogen,C5AR2,4.7330543263,2.3574293038899996e-38
Estrogen,CXCL12,12.4776735289,3.03864916538e-36
Estrogen,TPD52L1,10.085513349,1.9321149125499996e-34
Estrogen,NPY1R,10.6645059299,1.5779940805e-33
Estrogen,MYB,9.4277805658,9.916281347e-32
Estrogen,CALCR,5.39627356601,9.42849339797e-31
Estrogen,IL17RB,11.4189859122,1.09216760513e-29
Estrogen,SNX24,6.89935571746,2.99173470553e-29
Estrogen,ARL3,3.95094805128,5.32114236095e-27
Estrogen,TGFB3,-5.33026789517,1.64159079811e-25
Estrogen,OLFM1,3.75243310871,1.04938885208e-24
Estrogen,NKAIN1,4.73154567799,1.68009570673e-24
Estrogen,FKBP4,8.25832988113,3.7141093421400004e-24
Estrogen,IGFBP4,11.6514913965,5.19661359575e-24
Estrogen,ERBB3,-4.88074044723,5.7145322661999996e-24
Estrogen,CTNND2,-3.55466409986,1.48506081374e-23
Estrogen,SIAH2,9.43676093773,3.4326245832299996e-23
Estrogen,SLC22A5,7.73829566495,4.6545775615399997e-23
Estrogen,NR5A2,5.15006194006,2.45059255032e-21
Estrogen,MSMB,4.54908081939,3.0128602101099998e-21
Estrogen,ELOVL2,8.69057624608,3.1037725049699997e-21
Estrogen,COMT,-3.05468575187,5.25398638696e-21
Estrogen,CELSR2,8.66914415272,2.37067496411e-20
Estrogen,EPS15L1,3.14164436919,2.6813803121900002e-20
Estrogen,GLA,8.44185876447,1.75792223968e-19
Estrogen,DSCAM,4.14288012519,2.86926900665e-19
Estrogen,ABCC5,-4.8549878295,5.5361524213099995e-19
Estrogen,PRSS23,8.75522282336,6.99236983658e-19
Estrogen,RLN2,6.71852324093,5.214921373020001e-18
Estrogen,SLC25A24,3.66548160476,5.603667522640001e-18
Estrogen,DEPTOR,7.46377846634,2.9651271790500003e-17
Estrogen,NRIP1,10.0200104925,3.4535862973500004e-17
Estrogen,PCP4,6.36520077341,4.77611267081e-17
Estrogen,ARMCX6,3.3639024049,1.04348102963e-16
Estrogen,MISP,-4.33416825574,1.28611900263e-16
Estrogen,CA12,8.41357762757,1.57968970019e-16
Estrogen,EPB41L5,-3.43451140317,1.8736972760199999e-16
Estrogen,MYO1B,-5.4741888205,1.92643419346e-16
Estrogen,SH3BP4,-4.87774227508,2.20835476153e-16
Estrogen,RNF43,-5.41598767784,4.14406318087e-16
Estrogen,TASOR2,4.93576703606,4.34948491305e-16
Estrogen,DDX10,4.62695785919,5.02998170837e-16
Estrogen,MED13L,3.83741058189,5.96031370772e-16
Estrogen,UPK2,-3.38692225002,7.39626171669e-16
Estrogen,ADORA1,5.02379225883,1.12412234005e-15
Estrogen,KCNJ3,-2.98207081773,2.1743966358699998e-15
Estrogen,ASB13,6.99394259362,2.8647379108199997e-15
Estrogen,PLPP2,-4.47476054597,3.52198650708e-15
Estrogen,CEP43,2.46840962977,3.59125906526e-15
Estrogen,IL1R1,-6.86624961006,4.02725294703e-15
Estrogen,XBP1,5.71530844515,4.05429589158e-15
Estrogen,CAP2,5.01154709433,6.899049145199999e-15
Estrogen,RHBDF1,-3.65846843274,1.0258251389899999e-14
Estrogen,ZNF552,2.88661715189,2.1365566287199998e-14
Estrogen,CAB39L,-4.12631179667,2.2082995860299997e-14
Estrogen,RAB27B,-5.88914566171,2.7113635929299997e-14
Estrogen,PLAC1,5.06711601484,3.0930239986e-14
Estrogen,RAB9A,-6.00777315701,1.0146319156e-13
Estrogen,HDAC7,-2.03748800346,1.46710319613e-13
Estrogen,ZDHHC7,-4.83093256313,3.30017248966e-13
Estrogen,SIDT1,-4.23204663804,4.44840495554e-13
Estrogen,RARA,3.02158025348,5.51305122139e-13
Estrogen,FAM102A,5.76083870514,5.78498378031e-13
Estrogen,WWC1,5.58743801371,7.03425490945e-13
Estrogen,ELF5,-3.21644433313,1.2319535513400001e-12
Estrogen,CTR9,4.82318209378,1.4918313152700001e-12
Estrogen,KIAA0513,-3.62315496931,1.49248829721e-12
Estrogen,SEC14L2,5.23907790111,1.52379457389e-12
Estrogen,MYH14,-2.13654612134,2.2263632288e-12
Estrogen,MPPED2,3.91502173549,2.2657488052800003e-12
Estrogen,RBBP8,6.83400284824,2.5389583362500002e-12
Estrogen,TLE1,-4.10217257102,2.6296821716900002e-12
Estrogen,TMEM135,-3.50320154881,2.71858838511e-12
Estrogen,FRK,4.90037712333,3.95708205798e-12
Estrogen,ADCY9,3.2478819979,4.04527404205e-12
Estrogen,EGR3,16.0776973153,4.54957828931e-12
Estrogen,TIAM1,4.47348368321,4.8767003644e-12
Estrogen,CASP9,-2.43538830188,4.89149953491e-12
Estrogen,CLDN9,-2.08481449153,7.587571550650001e-12
Estrogen,WFS1,4.21639521035,8.664603866190001e-12
Estrogen,SLC7A5,11.2240689529,8.83147124908e-12
Estrogen,PPIF,10.130802152,9.094633196e-12
Estrogen,CLDN4,-3.82821711919,9.18977748796e-12
Estrogen,GATA3,-6.00468746718,9.25937056217e-12
Estrogen,RCL1,4.21924727177,1.08705389755e-11
Estrogen,PIK3R3,-5.49749606658,1.11685909746e-11
Estrogen,SLC9A1,-2.59442657319,1.15742055897e-11
Estrogen,SDK2,1.87704625885,1.18897388262e-11
Estrogen,TACC1,-3.37486737164,1.83332560001e-11
Estrogen,ATP2A3,-2.88202583781,1.85032173303e-11
Estrogen,ESR1,-1.30445244618,2.09589089475e-11
Estrogen,KCNK5,4.65682787894,2.13824664248e-11
Estrogen,SGCG,-4.18181325248,2.2788911538e-11
Estrogen,STC2,10.2860517134,2.29909435434e-11
Hypoxia,PDK1,13.120449402558766,3.9967155916217565e-55
Hypoxia,ANKRD37,8.48497615199521,8.995462307846866e-55
Hypoxia,FAM162A,8.33555155151556,6.745428857735599e-53
Hypoxia,BNIP3L,14.120302370563392,1.986777454321033e-52
Hypoxia,ENO2,14.326939818224217,8.0956554140359e-49
Hypoxia,ANKZF1,7.3581628655820355,1.8442215352509777e-48
Hypoxia,NDRG1,22.08711949313988,6.251402027533532e-48
Hypoxia,INSIG2,13.562193843210398,7.172252190998713e-46
Hypoxia,FUT11,11.170582164162454,1.0848705090412338e-45
Hypoxia,KDM3A,10.850752743976678,1.9684994493408812e-45
Hypoxia,PFKFB4,8.940270838819915,3.9599349757387095e-45
Hypoxia,GBE1,9.711499344287043,4.306089106861597e-45
Hypoxia,EGLN1,9.594450021663096,4.5672569469311194e-45
Hypoxia,PGK1,9.993991393929369,9.88245351266058e-44
Hypoxia,HILPDA,16.707123547646272,1.0330579537792771e-43
Hypoxia,PLOD2,13.600144008727044,1.2180752199164032e-43
Hypoxia,RLF,7.070285475179907,1.3841306777623875e-43
Hypoxia,ALDOC,13.161523644516665,8.028079440185832e-42
Hypoxia,ERO1A,9.698198187800116,1.121444224539941e-40
Hypoxia,ALDOA,7.654678080881261,2.4505319401437164e-40
Hypoxia,BNIP3,19.41797403956135,6.846548533029188e-40
Hypoxia,GPI,8.549580220186382,8.579552933562e-40
Hypoxia,PLOD1,6.610224848855331,9.490972016350604e-39
Hypoxia,SLC2A1,8.67915398023849,1.209683348857527e-38
Hypoxia,KDM4B,3.6502093225821697,1.4937721375067452e-38
Hypoxia,ZNF395,8.060934043547565,1.8327517396669672e-38
Hypoxia,P4HA1,11.06765669269899,2.118616390167501e-36
Hypoxia,PPFIA4,10.837614563420766,2.5442933075365625e-36
Hypoxia,EGLN3,11.655727921145276,2.345901413001516e-35
Hypoxia,VLDLR,10.266334142486112,9.347067770860575e-35
Hypoxia,VEGFA,10.612898925768754,9.984955488258035e-35
Hypoxia,EFNA3,4.211740089377879,8.149922775918524e-34
Hypoxia,PFKFB3,14.547192077328102,1.763495049524291e-33
Hypoxia,MXI1,10.860921454642892,2.335180615383504e-33
Hypoxia,WDR45B,4.504362332270949,3.571380805048122e-33
Hypoxia,WSB1,7.024224347672526,4.981481728988113e-33
Hypoxia,LDHA,7.653450321804332,1.1760701257949107e-32
Hypoxia,AK4,9.693023500676851,1.441542807352941e-32
Hypoxia,NCKIPSD,2.336982502347681,1.5579535443951508e-32
Hypoxia,PGM1,7.88583461642632,8.089733021244545e-32
Hypoxia,SLC25A36,5.329043990266979,1.238625127789682e-30
Hypoxia,YEATS2,5.353127516506888,1.9457902113409833e-30
Hypoxia,ANGPTL4,12.640690645582348,2.031859959073779e-30
Hypoxia,TMEM45A,17.87680015652248,2.2225952803676178e-30
Hypoxia,NGLY1,3.5046086484829,2.7053869550462113e-30
Hypoxia,VKORC1,5.41943367385705,5.9115263117470395e-30
Hypoxia,SEC61G,4.741112933827921,3.856428704024158e-29
Hypoxia,ENO1,6.103862987397812,4.310275220709634e-29
Hypoxia,C8orf58,3.1078714347082625,7.005177129462671e-29
Hypoxia,C4orf47,6.053300922097778,3.3084421329643046e-28
Hypoxia,MAPK7,2.63190452108407,3.837156400506771e-28
Hypoxia,PDK3,4.399750738661217,4.605344977416633e-28
Hypoxia,CA9,13.961067838986262,4.639828286111253e-28
Hypoxia,ZNF292,6.02393811187105,2.1916664837634412e-27
Hypoxia,GAPDH,5.046552543867155,2.9127924157693144e-27
Hypoxia,PFKP,9.233200905574463,3.672904768977315e-27
Hypoxia,NRN1,6.727516861287743,1.0237764451601708e-26
Hypoxia,SPAG4,10.213071470614544,1.7278721464396362e-26
Hypoxia,RIOK3,3.730301284236218,1.9677816608485588e-26
Hypoxia,P4HA2,6.2803435571622455,2.022596583881206e-26
Hypoxia,C4orf3,7.437918887870261,2.7952187978538445e-26
Hypoxia,ZNF160,2.713924225105919,1.6734004882034575e-25
Hypoxia,WDR54,5.695501641785151,1.68701518419312e-25
Hypoxia,MPI,3.502165309241745,2.1376957339418592e-25
Hypoxia,CLK3,3.564013767080937,2.544765365149162e-25
Hypoxia,PFKL,3.5446163885829014,2.769811182154821e-25
Hypoxia,ADM,17.825696141131807,5.050259208242104e-25
Hypoxia,NOL3,3.9380295361169138,5.994442211247063e-25
Hypoxia,DARS1,3.670815844180791,6.511082060128561e-25
Hypoxia,PKM,4.745179717324236,7.276032013760272e-25
Hypoxia,PGAM1,6.378265135027698,7.4562329331213195e-25
Hypoxia,RAB20,4.256260325236859,1.1340831271418318e-24
Hypoxia,SAP30,2.905750987571088,1.5278077062273413e-24
Hypoxia,LOX,7.461207816237273,1.6621643725377167e-24
Hypoxia,RBPJ,3.851456745820723,1.8306508236441023e-24
Hypoxia,CRKL,2.554734213406757,2.2712254088712627e-24
Hypoxia,NARF,4.09514912532848,4.730730133783715e-24
Hypoxia,FBXO42,2.2572287329470258,5.397749381315212e-24
Hypoxia,RORA,4.508771760265728,7.180647102464666e-24
Hypoxia,GYS1,4.922863343877431,1.3436486477648923e-23
Hypoxia,RNF24,3.8530589421282513,3.469669108249489e-23
Hypoxia,ZNF654,4.28806196320664,3.6570796109167095e-23
Hypoxia,PRSS53,1.9745062323810545,4.050745379899862e-23
Hypoxia,FAM13A,5.094179820464756,6.676380085483147e-23
Hypoxia,POP4,-2.314412633667518,7.082495684684262e-23
Hypoxia,ZMPSTE24,-4.392340277526979,1.3314465774004238e-22
Hypoxia,PPP2R5B,3.482583396179474,1.5288500308706416e-22
Hypoxia,PAM,6.2642963862461665,1.994956211042444e-22
Hypoxia,ZBTB25,3.4190588078493094,2.1811491817775185e-22
Hypoxia,TMX2,-3.697944017575907,2.8849277320009923e-22
Hypoxia,FLAD1,-3.2942166219182485,3.8671975207301793e-22
Hypoxia,CCNG2,7.325840669282846,5.814270529756995e-22
Hypoxia,QRSL1,-2.2452978076758083,6.844875926529403e-22
Hypoxia,LOXL2,4.608767866597851,7.273958228148686e-22
Hypoxia,DOLK,-3.464171671590372,1.0502601454957249e-21
Hypoxia,KDM4C,2.258150961667626,1.0592132317586831e-21
Hypoxia,BCKDK,2.645038791946143,1.5261735869913759e-21
Hypoxia,TBC1D9B,2.7205868593299334,1.8674546283266143e-21
Hypoxia,TPI1,3.7553822853297127,2.2955525135121153e-21
Hypoxia,STC2,8.03666591992239,2.932501625863368e-21
JAK-STAT,OAS1,15.02871458808529,1.0579835555034049e-41
JAK-STAT,HERC6,8.7696758787049,1.345040627868453e-38
JAK-STAT,OAS3,10.618841819069107,1.214358134072169e-37
JAK-STAT,PLSCR1,8.481603172606215,8.95520557924246e-37
JAK-STAT,DDX60,12.198233209424696,9.150970900895239e-36
JAK-STAT,TRIM21,6.674188117175322,1.2992653366683274e-35
JAK-STAT,SP110,8.678712721003516,2.1482557837725535e-35
JAK-STAT,DDX58,12.96537824941593,2.6504061576152213e-35
JAK-STAT,RSAD2,22.898727433412805,2.8011334084290547e-35
JAK-STAT,STAT1,9.083936566082984,3.529055698468323e-35
JAK-STAT,IFI44,12.450862527212522,3.5348532952910007e-35
JAK-STAT,IFIT1,27.85136308886104,4.355448524666526e-34
JAK-STAT,IFI44L,18.867155888745373,7.46305141774397e-34
JAK-STAT,OAS2,9.624826433910476,1.010957211604815e-33
JAK-STAT,SP100,4.476509316100021,1.0687980919787662e-33
JAK-STAT,IFI35,10.598535682064476,6.155418497801277e-33
JAK-STAT,MX2,11.818703102625824,3.850784102179919e-32
JAK-STAT,SAMHD1,7.133444858969064,7.63041603659263e-32
JAK-STAT,ISG15,20.039033525061807,1.1613551915738114e-31
JAK-STAT,DDX60L,7.202283033122158,1.555885111077709e-31
JAK-STAT,IFI6,12.5796945047128,8.686598483311274e-30
JAK-STAT,NMI,7.432654587630982,1.7514344530823464e-29
JAK-STAT,USP18,12.17801175279867,5.0193360047489437e-29
JAK-STAT,IFIT3,20.592306560138873,5.589977056491076e-29
JAK-STAT,IFI16,7.284513462846863,7.175708121626703e-29
JAK-STAT,SAMD9,10.426219160315991,8.974359077363446e-29
JAK-STAT,EIF2AK2,5.7230163248751165,2.2188944740939263e-28
JAK-STAT,XAF1,8.780286115021156,2.403945628584876e-28
JAK-STAT,MX1,19.384131266493444,2.9048548954772133e-28
JAK-STAT,BST2,8.104993585472233,1.5063848696998206e-27
JAK-STAT,IFIH1,8.34769265175166,2.3786055352664977e-27
JAK-STAT,SLC25A28,3.9334616541440486,4.074778992146872e-27
JAK-STAT,SHFL,5.478126049858063,3.422786814081014e-26
JAK-STAT,RTP4,9.45113967581242,9.228591052457167e-26
JAK-STAT,TDRD7,6.56664681954279,1.304339990288494e-25
JAK-STAT,IFI27,11.20265458228107,1.6271744805529682e-25
JAK-STAT,IFIT5,7.948068935223525,2.351352320938215e-24
JAK-STAT,IFITM1,13.943094211839188,2.453837718975967e-24
JAK-STAT,UBE2L6,8.215585125993922,2.4825601496487567e-24
JAK-STAT,PML,3.608525276727841,4.964127177995493e-24
JAK-STAT,BATF2,8.613495106102707,1.1085147612124375e-23
JAK-STAT,EPSTI1,12.08161764162436,1.2243235698653212e-23
JAK-STAT,APOL2,3.656057664879002,3.126546542996474e-23
JAK-STAT,OASL,12.710727206366562,6.592331156277368e-23
JAK-STAT,LAP3,7.384958867335309,9.215798526756204e-23
JAK-STAT,SLC15A3,4.260739183475992,1.2184965489255292e-22
JAK-STAT,IRF7,8.06937432090483,3.082726498322742e-22
JAK-STAT,DHX58,4.909942134787099,3.5634616032143144e-22
JAK-STAT,HELZ2,4.762151884401938,5.990639453563932e-22
JAK-STAT,ADAR,3.874928960702245,8.836424685948209e-22
JAK-STAT,PARP14,6.397283812786976,9.036224902730696e-22
JAK-STAT,TMEM62,2.3069352990793845,1.4169631553101215e-21
JAK-STAT,TRIM14,3.0379588513996647,2.395778307896502e-21
JAK-STAT,SECTM1,5.9932298839983975,9.936189308109716e-21
JAK-STAT,RNF114,2.491567548621603,1.5191586256177422e-20
JAK-STAT,APOL6,6.474920883034865,3.3434181773088344e-20
JAK-STAT,ETV7,4.779528161895114,4.464608069713474e-20
JAK-STAT,TAP2,3.592260360584077,7.766065734771124e-20
JAK-STAT,IFIT2,16.18714603519944,1.5243715670291834e-19
JAK-STAT,PARP9,8.715151859092401,1.6221395466348445e-19
JAK-STAT,IRF9,7.526584188931556,2.0090130138900413e-19
JAK-STAT,PHF11,3.8617313364104704,2.4547278854156245e-19
JAK-STAT,TAP1,9.777638343120818,3.0574874755611356e-19
JAK-STAT,TRIM5,3.4234903429741017,3.401332014709718e-19
JAK-STAT,PSMB8,5.869684020695553,6.409619954716527e-19
JAK-STAT,TRIM38,3.4927261463022377,8.865117824864077e-19
JAK-STAT,APOL4,2.514465674898156,1.6922831339172671e-18
JAK-STAT,PARP12,6.944101053238898,1.9598724687491695e-18
JAK-STAT,SAMD9L,10.56289910330413,2.2372909878982942e-18
JAK-STAT,APOBEC3G,2.826463109697765,2.4538504559429913e-18
JAK-STAT,CMTR1,2.78086050029633,1.6615175903019012e-17
JAK-STAT,HERC5,9.119642406894489,1.8051378338630778e-17
JAK-STAT,STAT2,4.147176067876936,2.4810959964039948e-17
JAK-STAT,OGFR,2.042478137505971,2.7911505714082124e-17
JAK-STAT,GBP1,10.3986860770214,5.654091330182895e-17
JAK-STAT,MYD88,4.3044307229500545,7.772022721329228e-17
JAK-STAT,TRIM22,10.56745749719138,1.027256265176968e-16
JAK-STAT,TMEM140,5.107141044091232,2.2282380091893144e-16
JAK-STAT,RNF213,4.9375160567301375,4.10880000552221e-16
JAK-STAT,CMPK2,15.928771442465818,4.555258447683739e-16
JAK-STAT,LAMP3,9.973230294016131,8.369215425219702e-16
JAK-STAT,NLRC5,6.546845260659191,1.534353957734478e-15
JAK-STAT,TRANK1,3.58887468491964,3.3000408998807314e-15
JAK-STAT,ZBP1,1.9414515596319637,3.607425337620383e-15
JAK-STAT,PRKD2,2.1554948782429326,3.766519944573518e-15
JAK-STAT,APOL1,5.347499122701419,4.008821204257916e-15
JAK-STAT,PSMB9,8.15851150604537,4.423974274298841e-15
JAK-STAT,GBP4,8.084657669824605,9.20942809794626e-15
JAK-STAT,CYP2J2,2.0935776003100353,9.793793150076291e-15
JAK-STAT,TRIM25,3.4141309207242134,1.0240423072997953e-14
JAK-STAT,ZC3HAV1,5.133726992521155,2.9736142902994704e-14
JAK-STAT,ZNFX1,6.496398214168282,2.9842717693784384e-14
JAK-STAT,DTX3L,8.35841869796418,3.194910130000911e-14
JAK-STAT,CNP,2.9606567575687763,5.3510572580180957e-14
JAK-STAT,SP140L,2.3378632539556277,5.5599227387223077e-14
JAK-STAT,APOL3,4.845007401792425,6.325228743610611e-14
JAK-STAT,CXCL11,15.007662719331066,1.7969766654187657e-13
JAK-STAT,PLSCR2,1.5066712034746164,1.9060661368744367e-13
JAK-STAT,CASP4,2.426577480250146,2.1574545595906052e-13
JAK-STAT,IL22RA1,1.820616941589412,3.4466694007791977e-13
MAPK,DUSP6,16.859015828017647,3.159105418105269e-59
MAPK,SPRED2,3.5018346410222287,7.1949549198088225e-50
MAPK,SPRY2,9.481584748118909,9.197391044876375e-43
MAPK,ETV5,5.988709605944221,6.742535046748308e-41
MAPK,EPHA2,6.314012446660756,3.749200213286171e-40
MAPK,PHLDA2,3.8582386537955657,4.6397838504465793e-39
MAPK,FOSL1,9.000522308632947,8.124494330933375e-38
MAPK,SPRY4,10.114470537169142,4.271313316151269e-37
MAPK,DUSP4,7.80481595969638,8.241912252201397e-37
MAPK,SLCO4A1,4.084538143625351,3.7465222150059726e-33
MAPK,ETV4,5.293783978605425,1.483567192522435e-32
MAPK,PHLDA1,7.045289228921083,1.5610633985209403e-32
MAPK,ETV1,3.5634647887567596,6.972554132609392e-31
MAPK,TMEM59,-2.264272962584646,1.0172040172976008e-30
MAPK,SLC20A1,6.8103529671107825,1.841590373949365e-30
MAPK,DUSP5,7.920030142583163,1.995420403033922e-30
MAPK,STX1A,2.21515121358096,2.0170820508668477e-30
MAPK,ELK3,2.9961403928388033,6.0206506912260715e-30
MAPK,NT5E,5.838881390821937,2.319746309287031e-29
MAPK,PHC2,2.3954010239131938,5.051399374445882e-29
MAPK,C11orf71,-2.3667576128473327,1.4809669035825798e-28
MAPK,GABARAP,-2.9616637855482773,5.837242849390343e-28
MAPK,SPRED1,6.209948243764665,1.11465428706954e-27
MAPK,TCOF1,2.2115780549288417,4.9168176304918794e-27
MAPK,BZW1,2.7810854305400725,5.7301668045813916e-27
MAPK,CCND1,6.263011605459956,1.6304232319251044e-26
MAPK,AREG,4.932286416376803,1.6508034597377906e-26
MAPK,UBA2,2.079878487903222,3.181109652728043e-26
MAPK,TNFRSF10A,5.1730443268646376,4.989936957641126e-26
MAPK,PWP2,1.3322121992984852,1.0742403885563244e-25
MAPK,PNP,4.91046403239136,1.1879860189819844e-25
MAPK,ECH1,-2.2897420836192053,1.332259308232607e-25
MAPK,SH3BGRL,-2.723446509346065,1.5580001978619724e-25
MAPK,PBLD,-1.9776837829648104,1.6421456183196845e-25
MAPK,TRIB1,4.182943071629201,1.7372521737497783e-25
MAPK,GPR3,1.630829259668156,1.9488752243088148e-25
MAPK,NNT,-1.819728215447125,2.185645146659581e-25
MAPK,HMGA2,3.7279710730494138,3.0834019850470336e-25
MAPK,POLR3G,2.829483976178096,3.776790269853888e-25
MAPK,STX8,-1.1064064247318124,7.3697213169541055e-25
MAPK,YRDC,3.625646429254592,7.824098803099302e-25
MAPK,DCBLD2,3.371515684787371,1.0690377459937338e-24
MAPK,SCPEP1,-1.9325651044928045,1.5720759943722278e-24
MAPK,SLC35F2,2.850982002272706,1.8916292003064182e-24
MAPK,BDH2,-2.4965908679407463,1.9451580756767708e-24
MAPK,ASB8,-1.6939961535174084,2.029551585405682e-24
MAPK,LRP8,4.5130042760078135,2.4335614626250414e-24
MAPK,PIK3C2B,-2.752686572837634,4.871938001318255e-24
MAPK,AEN,3.2161182645239066,4.9265362077566615e-24
MAPK,DAZAP2,-1.4077949825542642,9.264581191515551e-24
MAPK,TOP1,3.633408800845867,1.0560245290047773e-23
MAPK,ENTR1,1.5641536768461877,1.4578931255332892e-23
MAPK,TRIM52,-2.201190386908435,2.061928853931316e-23
MAPK,CDCA4,3.0102812615697476,5.203472073296657e-23
MAPK,TNS3,-2.7264638130598553,5.366733246166594e-23
MAPK,TMUB2,-1.6738161798694724,5.680871850437204e-23
MAPK,FERMT1,2.333704655460279,6.622991028947447e-23
MAPK,ARHGEF17,-1.3968910912288417,7.666638141427242e-23
MAPK,SLC4A7,2.7094949939569104,8.933916615674428e-23
MAPK,MAN2B2,-1.917606137235216,1.0145209370130213e-22
MAPK,PRCP,-1.2786844411212896,1.3412306640491523e-22
MAPK,GRPEL1,2.669468752664872,2.0759603587402025e-22
MAPK,SIRT2,-1.3232831367857096,2.077010048602215e-22
MAPK,RAB26,-3.4389782720448987,2.198260421436781e-22
MAPK,XRCC3,1.543756562229699,2.2890195545286987e-22
MAPK,E2F3,2.034348475486911,2.5174258012652417e-22
MAPK,PRNP,2.597310807269854,2.99589956308836e-22
MAPK,FAM149B1,-1.3423423225079836,3.549593096564841e-22
MAPK,SIDT2,-2.7527108754400795,4.14922987373383e-22
MAPK,LAMB2,-2.392879637488782,5.964444012112197e-22
MAPK,LDLR,3.073910985755288,6.682912748433833e-22
MAPK,ZBTB3,-1.5691639732103673,7.9222227773714765e-22
MAPK,MCL1,3.012864995704336,9.069998762360611e-22
MAPK,ZSCAN31,-3.3278642206561044,9.534594949360115e-22
MAPK,WDR3,2.2991152990385255,1.092632199452642e-21
MAPK,RAB5B,-2.0804506421112383,1.140686907890381e-21
MAPK,CBFB,2.3399982054575696,1.3728487273154364e-21
MAPK,MCMBP,1.8875507351429297,1.514589314738957e-21
MAPK,MCCC1,-1.922676327375331,1.7008354777687896e-21
MAPK,SRP14,-1.5944123429577048,1.827483827509843e-21
MAPK,SPG11,-1.337883684735978,1.9231410885606367e-21
MAPK,MIER2,0.9566403573575726,1.9280935469214236e-21
MAPK,KRR1,1.461707193553273,1.9680409796401444e-21
MAPK,NUP50,1.774710734835809,2.1147528856507934e-21
MAPK,GATAD2A,1.359238188294602,2.1265923030318775e-21
MAPK,BRIX1,2.8667490600742616,2.1998206551588513e-21
MAPK,FMO5,-1.497241656569774,2.2580168664726763e-21
MAPK,MGST3,-1.4528316817291829,2.596103818871049e-21
MAPK,KIAA1522,-2.29989865248777,2.614744252416939e-21
MAPK,UBASH3B,4.967624011652823,2.848033274489164e-21
MAPK,DUSP7,2.452508263381348,2.916363943186239e-21
MAPK,PBX1,-2.9996132648084775,2.9459831154632427e-21
MAPK,RNF138,2.3557422074445333,3.509781946376118e-21
MAPK,KMT5A,1.7409748125000095,3.871067088428426e-21
MAPK,STK17A,2.9405668773324174,4.308339714044707e-21
MAPK,SMURF2,3.0301617625148576,4.337178087168038e-21
MAPK,HMGA1,2.8687056823089896,4.96161173481671e-21
MAPK,PALS2,2.2426215753709076,5.0107367702054185e-21
MAPK,DNASE2,-1.8218204163370104,5.062338082640589e-21
MAPK,CAPN15,1.4562002105942595,5.0723793219191046e-21
NFkB,TNFAIP3,28.373752313465076,1.867140427866091e-71
NFkB,CXCL2,9.403459957537171,2.157216274207832e-61
NFkB,CCL20,36.69730786825934,1.285113386824751e-58
NFkB,NFKBIA,11.444533714391747,2.7808711129594302e-58
NFkB,CXCL8,38.517928689387205,5.844355805098929e-58
NFkB,RELB,7.779221973370105,1.7317309677777597e-57
NFkB,NFKB1,9.513636220891874,2.76893788405754e-57
NFkB,TNFAIP2,10.910807391853329,7.291182261609984e-57
NFkB,ICAM1,18.369385264106057,5.017181824501259e-56
NFkB,IL6,21.77063543639199,1.301922786786073e-55
NFkB,NFKBIE,8.211832847967157,2.1871093414394558e-54
NFkB,NFKB2,5.5155753818972135,6.217296760595695e-54
NFkB,CXCL3,22.946114218850756,1.7936401601082111e-53
NFkB,SLC2A6,9.729988098735753,3.846180280021208e-53
NFkB,NINJ1,8.012250578533656,4.168361511908797e-52
NFkB,WTAP,3.7666344028884846,1.5856943807851475e-47
NFkB,BCL2A1,14.416924573771936,2.611688250482258e-47
NFkB,BIRC3,12.457612174206728,2.3089711939500494e-46
NFkB,CD83,10.451370868343178,3.457051416035348e-45
NFkB,TICAM1,3.492084673918129,3.969645101982433e-45
NFkB,CXCL1,23.421858781118814,2.1741665083938733e-43
NFkB,RIPK2,5.979752130983626,6.362329586308819e-43
NFkB,INHBA,12.467593656988871,1.162913528521889e-42
NFkB,CSF2,5.903526277913062,1.193464470942927e-41
NFkB,TNIP1,6.134726676621977,3.7484101761427035e-41
NFkB,DRAM1,9.547700357155104,8.651645223940829e-41
NFkB,TRAF1,10.335576602944473,1.0820428216638427e-40
NFkB,IRAK2,5.3433916126853855,1.2742513850977296e-40
NFkB,TLR2,5.414219976041558,1.4238402063326607e-40
NFkB,TNF,18.639262059640444,1.1970071225532187e-39
NFkB,MSC,6.359206553032758,1.6984749513884317e-39
NFkB,IKBKE,3.341126887581698,6.45826343649033e-39
NFkB,GCH1,14.02604366447971,1.458559684675387e-38
NFkB,CXCL5,7.179647916578252,1.5622712362649895e-38
NFkB,IL1A,8.111290972216988,2.8864095046191864e-38
NFkB,BID,4.729823539227451,9.60488919725315e-38
NFkB,PTX3,21.247895638880852,4.482536550090048e-37
NFkB,EHD1,5.871607384295926,5.218720501638042e-37
NFkB,CFLAR,4.016711588218758,7.030588215584042e-37
NFkB,SDC4,8.153400364564936,9.965917992995096e-37
NFkB,TNIP2,3.3107273514982913,1.968401718340687e-36
NFkB,TNFSF15,6.245847275446876,6.564339288191419e-36
NFkB,IFNGR2,6.022009724753868,1.458313030465e-35
NFkB,MAP3K8,7.399205364744481,3.207056337360117e-35
NFkB,IL1RN,5.151579659685664,5.584115218462681e-35
NFkB,CYLD,2.773314233756522,9.606304986814707e-35
NFkB,IL23A,2.0729049235948827,4.02154335003975e-34
NFkB,IL36G,9.826405557861252,4.5923411870188635e-34
NFkB,CCL2,17.56599183253551,5.152208603983273e-34
NFkB,KYNU,6.404463605575106,7.785274764756348e-34
NFkB,STAT5A,3.9865610031974703,1.330867062971113e-33
NFkB,B4GALT1,2.536198717973617,3.73903316418015e-33
NFkB,IL1B,21.65592931073416,7.856595346245044e-33
NFkB,TNIP3,8.259340938257063,8.30343922353387e-33
NFkB,IFNAR2,4.683318983298864,1.6428708155107568e-32
NFkB,HIVEP1,3.999714880025022,2.9744793401183526e-32
NFkB,NKX3-1,2.37298329930962,5.589475851905762e-32
NFkB,CFB,6.31351994004626,3.0414465586582072e-31
NFkB,TRIP10,4.167561748826395,3.427277197022362e-31
NFkB,CSF3,4.9031843413131,3.613123105788311e-31
NFkB,IRF1,12.698009124870918,4.297140807175516e-31
NFkB,TNFRSF9,5.996059048130458,6.711457081065369e-31
NFkB,CXCL6,8.725401427371507,7.477985819060511e-31
NFkB,NFKBIZ,15.12381583682296,8.200849811881117e-31
NFkB,CD40,3.5202135906865246,1.5418152201526587e-30
NFkB,OLR1,7.842010286384952,2.0953291649467468e-30
NFkB,EFNA1,11.433295392016356,3.0206502074704953e-30
NFkB,C11orf96,4.566226064903009,4.2767030448092385e-30
NFkB,LTB,3.1875687917698254,5.3874858944878315e-30
NFkB,EBI3,7.546185210064629,5.833702680497667e-30
NFkB,IL7R,8.813312335270886,9.469200361759724e-30
NFkB,UBE2Z,2.152932765652571,1.4381694617380082e-29
NFkB,SOCS3,4.511914558622972,1.823547890310601e-29
NFkB,ELOVL7,8.792115753443438,3.326790295170406e-29
NFkB,TIFA,5.1441124462482355,4.162763769319405e-29
NFkB,REL,4.709972556739791,9.255188198529263e-29
NFkB,IL32,10.452316416252057,1.194334798738774e-28
NFkB,NFKBIB,2.0655958781216768,2.538534063716167e-28
NFkB,STX11,4.525232449242859,2.9929185852140464e-28
NFkB,KMO,3.974235064546693,5.005900261595283e-28
NFkB,ANKLE2,2.2119763224409037,7.682650565504304e-28
NFkB,NECAP2,2.4427935008954034,4.7510831817964775e-27
NFkB,TNFAIP8,4.93682380456133,6.0378070405825006e-27
NFkB,TNFAIP6,19.18226346087704,1.1199869235834503e-26
NFkB,PPP4R4,2.427471574635709,1.2821098123182354e-26
NFkB,RNF19B,6.707004337290285,1.675523696868071e-26
NFkB,HIVEP2,3.951426644106167,2.2963318071738327e-26
NFkB,SOD2,11.156150165377186,3.635650097433883e-26
NFkB,ANKRD33B,4.494298724924975,8.823539268208884e-26
NFkB,SGPP2,7.416978193844607,9.896991009835372e-26
NFkB,BIRC2,4.0113793294825895,1.1020653671460575e-25
NFkB,CXCL11,15.834366797407496,1.3652647899708786e-25
NFkB,SLC11A2,2.686648038758446,2.0405033046279867e-25
NFkB,PRDM1,4.41653234664008,2.136350996753179e-25
NFkB,SLC41A2,4.915006504014063,2.2626299757969147e-25
NFkB,TMEM217,3.3538132596283843,3.261340309717291e-25
NFkB,IL15,5.146568092215358,4.071195603068446e-25
NFkB,CD80,3.7956150755271807,4.990812440928063e-25
NFkB,MARCKS,4.761373088876815,6.0416212828919295e-25
NFkB,IFIH1,6.0420364439095415,1.1635199177475676e-24
PI3K,MLANA,-9.985742932001385,1.8416509022806632e-43
PI3K,PMEL,-6.590348248199498,6.874786379852314e-36
PI3K,FAXDC2,-12.421273827481306,3.297514787343413e-34
PI3K,HSD17B8,-8.601570675649183,9.948224099161595e-34
PI3K,CTSF,-9.172142735191038,1.0235211554340298e-31
PI3K,SPSB3,-6.533728558413287,1.2739463172660216e-31
PI3K,ATP6V1G2,-7.23734622762513,1.6426456051652723e-31
PI3K,TYR,-5.076854089275833,3.4585232393220233e-31
PI3K,GNPTG,-6.966609574481262,6.018110571011211e-29
PI3K,INPP5K,-4.530098152991319,6.385529689634033e-29
PI3K,WDR31,-3.943838782329221,6.88079554487928e-29
PI3K,PEX11G,-4.454613643249063,7.153748804846976e-29
PI3K,DHRS12,-3.407349819095029,1.4031042837753336e-28
PI3K,NT5M,-3.9151305534107705,6.673792777482087e-28
PI3K,PAEP,-3.803227553783662,7.687123941011055e-28
PI3K,CREB3L4,-9.1026516534913835,1.0319698182670386e-26
PI3K,UBALD2,-9.9853774649777,1.1158940126215379e-26
PI3K,ING4,-7.7001180755286764,1.7126463276367359e-26
PI3K,DERL3,-4.033679424810513,2.5384335637773934e-26
PI3K,KRTAP19-1,-6.881951690717335,1.1785932243603998e-25
PI3K,SLC27A1,-8.329920839704627,5.679247443513121e-25
PI3K,APOC1,-5.061310146853561,1.4584212611606586e-24
PI3K,CCDC25,-4.339271307214771,3.1007434909097227e-24
PI3K,FCGRT,-6.170243405839677,4.8728669340635026e-24
PI3K,CDK5RAP3,-5.254766587642965,5.177680588133977e-24
PI3K,NENF,-2.8622334493689188,8.503842748958313e-24
PI3K,DNAI4,-3.62712257526587,9.582149490338217e-24
PI3K,YBX2,-4.419857345074704,1.8672600837043494e-23
PI3K,TFDP2,-5.673588227241949,6.288924605577217e-23
PI3K,AMIGO1,-6.000321012752048,7.154899314654776e-23
PI3K,CA14,-4.8380402218900445,7.645163272316459e-23
PI3K,CBX7,-6.437220252849626,9.486187394009408e-23
PI3K,MCAM,5.1250827229370985,1.5620363621359485e-22
PI3K,CRYL1,-7.333026179077128,2.944770007291271e-22
PI3K,RPS29,-5.844440866132715,3.6055001111245517e-22
PI3K,SMIM19,-7.210559011995469,3.863391386258107e-22
PI3K,SLC18A1,4.652092527198795,4.51564065779467e-22
PI3K,FBXO25,-7.033029734440918,4.516820665779137e-22
PI3K,C5orf52,12.2398089550562,5.486388711574318e-22
PI3K,TNNI3,-3.672194421567192,9.080340903155135e-22
PI3K,S100A1,-3.9889239561922634,9.866218043695368e-22
PI3K,TTC12,-3.184873043345917,1.9456434930201376e-21
PI3K,THNSL2,-4.318340579293939,2.41918269115098e-21
PI3K,GAA,-5.367784104422635,2.643024799351902e-21
PI3K,BAAT,-3.5575387810909405,2.6500913404426874e-21
PI3K,CTDSP1,-5.567569317532474,2.793119994391619e-21
PI3K,LINC02915,5.811047984831319,3.3183215268168598e-21
PI3K,COQ8A,-6.388212374885499,3.610445521179515e-21
PI3K,FCMR,-4.9268801140836676,4.0745228954258515e-21
PI3K,TBC1D15,-5.412631039798617,4.692562734239141e-21
PI3K,TSNARE1,-2.4315033012720155,5.945737673353644e-21
PI3K,TMEM42,-7.989326747815277,1.221593933571594e-20
PI3K,MYL5,-5.238296460556685,1.3524263251568376e-20
PI3K,GEMIN8,-4.1331773597269486,1.4521284967914972e-20
PI3K,WIPI2,-3.153066059934722,1.7757023891439255e-20
PI3K,MST1,-4.986885635605013,2.4048032599011733e-20
PI3K,TRIM63,-5.528597674095491,2.5215824660283183e-20
PI3K,C11orf1,-3.334272746585415,2.6148833031722082e-20
PI3K,MFGE8,-5.901530454949852,3.319211158704614e-20
PI3K,HSBP1L1,-6.893156914442496,4.3219881429774224e-20
PI3K,FHIT,-4.615166946689442,4.3431095570682557e-20
PI3K,MIR1915HG,4.952741484702064,5.465087736763342e-20
PI3K,RGS10,-3.880397339458384,7.282290374620174e-20
PI3K,GLI4,-3.0980704897335043,8.737304386184185e-20
PI3K,VAMP5,-4.361074003426954,9.730941738077542e-20
PI3K,CYTL1,-4.865441636391191,9.844645393505405e-20
PI3K,TPPP,-2.5431181614359892,1.5640087921377243e-19
PI3K,CAMLG,-5.795703744854614,2.3110266265557397e-19
PI3K,PSMG3-AS1,-8.013276583314173,3.3912659361703005e-19
PI3K,CIR1,-5.023161182851439,3.4074226799743176e-19
PI3K,DNAL4,-4.445867274988094,4.514369553873607e-19
PI3K,LRRC23,-3.293253110465093,4.654497479040339e-19
PI3K,METTL27,-4.549873055159501,5.478380567541029e-19
PI3K,SLC26A4,-3.7388398905078617,5.495463117700759e-19
PI3K,INO80C,4.108217478616809,5.783302434155007e-19
PI3K,AEBP1,-4.092610787679307,8.225001210176515e-19
PI3K,CREBRF,-10.446075274188331,1.0738564941510651e-18
PI3K,CCDC28A,-8.060678441208225,1.0784154907138456e-18
PI3K,BEGAIN,-4.19647716673333,1.403258519081595e-18
PI3K,COMMD6,-3.4624391132898946,1.5690684129712974e-18
PI3K,ARSJ,7.061080781879236,2.0100007177491064e-18
PI3K,ZSCAN2,-3.158743453547724,2.3987481476095393e-18
PI3K,NR2E1,-2.721518097674834,2.7521008568298478e-18
PI3K,ZNF554,-2.674978238623077,3.9181737902795365e-18
PI3K,MRPL10,-4.871654250241907,4.1739061664266346e-18
PI3K,ZNF76,-2.7922559348309233,6.56599700159561e-18
PI3K,FBXO44,-3.9997339422455633,8.471678900878716e-18
PI3K,GAREM2,-4.09273889946688,1.0160220124576839e-17
PI3K,ALG14,4.41613921979738,1.0753555116019675e-17
PI3K,MAP1B,7.023693054345393,1.0791792424623291e-17
PI3K,CPXM1,-4.042038136700408,1.3784498226524822e-17
PI3K,ZNF396,-2.538048216193178,1.4208774839532336e-17
PI3K,MROH6,-4.4189955792508675,1.4668289828593883e-17
PI3K,CRBN,-6.898717232743581,1.7337987186185848e-17
PI3K,ARL2,-4.9077335565809275,1.816950152252944e-17
PI3K,PPP1R26,-3.724242870157187,1.8517791037683502e-17
PI3K,RNF44,-5.734313173211764,2.900740233262591e-17
PI3K,RTN2,-7.4856496310395055,2.948019983224966e-17
PI3K,ACBD4,-3.2096475771496955,3.2537903195613574e-17
PI3K,WHRN,-5.152013438342302,4.192167963883275e-17
TGFb,LINC00312,4.428987093533769,2.007444340731727e-17
TGFb,TSPAN2,5.502326115825906,3.1451766912248627e-16
TGFb,SMAD7,7.6311433745336785,7.308710702937288e-16
TGFb,NOX4,5.913813151649488,3.829223592951115e-15
TGFb,COL4A1,6.337489574832423,9.05250083374898e-15
TGFb,CAVIN4,4.597343338672102,1.471883844348571e-14
TGFb,ID4,4.169901350129046,2.0173258951816692e-14
TGFb,BMPR2,4.015505031468152,2.0680650773051123e-14
TGFb,SKIL,4.274181219360634,3.0182910791947734e-14
TGFb,RASL11B,2.723009870350084,3.0584192749584054e-14
TGFb,COMP,9.899249960355174,6.765808667244479e-14
TGFb,LMCD1,5.6752815262663745,1.3793755754495122e-13
TGFb,MRAS,5.201966581087301,1.8103330739236258e-13
TGFb,ID1,12.35428766106149,2.584252145647566e-13
TGFb,SYT15,3.8577431538796345,3.33029776858487e-13
TGFb,CILP,4.651003963661555,5.305349470795757e-13
TGFb,CNN1,4.9534712486596835,9.550735127720585e-13
TGFb,ADAM12,3.9683045345005423,1.1166909404991704e-12
TGFb,ITGA11,3.392697565271868,4.940604777674673e-12
TGFb,COL5A1,5.221051245569531,8.695975404032749e-12
TGFb,MFAP4,5.813038501128244,9.458503230843028e-12
TGFb,FSTL3,6.807359103417256,1.0493783965090606e-11
TGFb,IL11,6.3308961562903,1.1089839166722199e-11
TGFb,ID3,10.481113198178958,1.3422552306390399e-11
TGFb,NINJ2,3.875626595885944,1.6902649006708362e-11
TGFb,PLN,2.748323221858972,1.7662373450088785e-11
TGFb,BGN,3.2378399997614276,1.8036970122553175e-11
TGFb,CRLF1,4.825293111819741,9.02277868019632e-11
TGFb,CALD1,3.0516355894313545,1.0601212843728623e-10
TGFb,MYOZ1,4.962474849517782,1.0617963680219792e-10
TGFb,COL4A2,4.2212636778339165,1.0810736800978292e-10
TGFb,NOX1,-1.0457633749156092,1.1306242902007828e-10
TGFb,PMEPA1,8.096140880827011,1.6940404649601914e-10
TGFb,SAMD11,4.983084704372779,1.8755659829919046e-10
TGFb,COL1A1,3.566081042355256,1.9617914034872134e-10
TGFb,NUAK1,6.095429922441628,3.101080918695288e-10
TGFb,ATP10A,2.784857146576994,3.6414011111841464e-10
TGFb,CDH2,3.2883102380649416,5.441730780932576e-10
TGFb,LTBP2,4.372793934796392,6.436664591778283e-10
TGFb,EFR3B,1.334349902165432,7.201318375236115e-10
TGFb,TPM1,4.595360809462762,7.663845032735776e-10
TGFb,XYLT1,3.197715603002688,8.347497458567476e-10
TGFb,SLCO2A1,4.869788433437289,1.1172415964856666e-9
TGFb,SYNDIG1,1.8364038596773584,1.6304060195962075e-9
TGFb,GRIA3,1.0868126315283173,1.6925769683914242e-9
TGFb,XRCC4,3.3772318622335034,1.8091962578205367e-9
TGFb,GDF5,-1.939559485845836,2.601076958325968e-9
TGFb,RUSC2,2.3531795656616517,3.032818072266544e-9
TGFb,ACOX3,2.721528765151428,3.7381155893344694e-09
TGFb,LECT2,2.908951370740283,3.9487392763155434e-9
TGFb,UNC5B,3.8338195218086257,3.994424480048174e-9
TGFb,GALNT10,3.047077072676757,4.187805646050046e-9
TGFb,ACTC1,3.337429797192697,4.231879606999635e-9
TGFb,LRRC32,5.293595631394943,5.489598203716115e-9
TGFb,OPCML,4.467950883084327,5.897967396190066e-9
TGFb,CLDN11,-3.6902833957792103,6.444827352236476e-9
TGFb,PKNOX2,2.048491739898756,8.235211572129372e-9
TGFb,RFLNB,7.309130128341854,8.95836152051786e-9
TGFb,LRRC15,2.304595154447725,9.231748526365924e-9
TGFb,PODNL1,2.1489096837018176,1.5274329332879853e-8
TGFb,DACT1,6.22087968552156,1.6389385967704023e-8
TGFb,HSD17B6,4.782527287277279,1.8128012587289105e-8
TGFb,GOPC,2.8545176084128645,2.078575705102909e-8
TGFb,AK5,-3.357132440141041,2.2791154827731917e-8
TGFb,RASD2,3.384557152221155,2.39729254684828e-8
TGFb,KIRREL3,2.542385559563426,2.8923730563461753e-8
TGFb,SH3PXD2A,3.879791808934377,3.0059596189194274e-8
TGFb,ABCA6,-3.2715368950351578,3.2597759060731856e-8
TGFb,FBLN5,4.92248525622834,3.5048863530867085e-8
TGFb,MEX3B,3.978292370254286,3.9925075761663953e-8
TGFb,C3orf80,4.809037463388701,4.0661248393529643e-8
TGFb,PLCB4,3.9338902853869087,5.25709979195131e-8
TGFb,ISLR2,2.468060087597712,5.431844384656125e-8
TGFb,YIPF5,2.8119363564910023,5.9262315053125585e-8
TGFb,MSR1,-1.764838201889795,5.970500309325056e-8
TGFb,LRRN4CL,-3.784515126527989,6.285932930190682e-8
TGFb,OLFM2,2.0653759894084955,6.681255571146816e-8
TGFb,CHST3,2.221800857294827,7.237923433623125e-8
TGFb,TUFT1,6.010991297185908,7.568084855688032e-8
TGFb,SPHK1,6.090111538628698,8.203279648335978e-8
TGFb,ABCA8,-1.709245079884809,9.264709925805536e-8
TGFb,SEMA7A,3.894772044538674,9.489278152966578e-8
TGFb,P2RX1,2.7581382924767666,9.774855457905567e-8
TGFb,RXFP1,-2.2777179298285644,1.1969847544706282e-7
TGFb,CDKN2B,3.373728102887283,1.2375074663707305e-7
TGFb,PAWR,2.5534342854783194,1.262350615658719e-7
TGFb,SNAI1,3.5681739305015414,1.6122039561055777e-7
TGFb,LIMS2,2.27494674124209,1.651696686410749e-7
TGFb,TNFSF4,5.503893035236932,1.700815106475674e-7
TGFb,NEDD9,4.361192810292332,2.448936367007714e-7
TGFb,SMAD6,2.798265386251439,2.5205858352477994e-7
TGFb,DGKI,2.2411436132070746,2.616486555072057e-7
TGFb,BCOR,2.735746492923183,2.64124755556515e-7
TGFb,SGPL1,2.583923273015123,2.647968416745087e-7
TGFb,SMURF1,1.538153232693425,2.715530032595033e-7
TGFb,SPECC1,2.57411375293421,2.761748728785442e-7
TGFb,ARFGAP1,2.073401170152749,2.909452707019059e-7
TGFb,UACA,2.6166466705245015,3.160612035478478e-7
TGFb,SLC16A2,3.140899092037142,3.170610138617194e-7
TGFb,DCBLD1,3.8990109307813903,3.17939993376741e-7
TNFa,TNFAIP3,35.40071755147807,6.156317811645079e-65
TNFa,IFNAR2,7.580700686140321,5.911086302991569e-54
TNFa,CSF2,8.35548063730208,3.4217802747574683e-51
TNFa,NFKBIE,10.356205366989286,4.5965301173604134e-51
TNFa,EFNA1,18.631109384930618,1.3946227070893006e-50
TNFa,RELB,9.26459378466974,4.3197094699026076e-47
TNFa,CXCL8,45.44182721623888,6.681421703114339e-47
TNFa,ICAM1,22.03934071980157,9.532021614079492e-47
TNFa,CXCL5,10.081367932472132,2.5217549415859775e-46
TNFa,LTB,4.827311631466724,2.7076551996612962e-42
TNFa,IL32,15.963619088902076,4.812238007669206e-41
TNFa,TLR2,7.039357768205023,5.928679592405497e-41
TNFa,TNFAIP2,12.213726703415444,1.866903839350997e-40
TNFa,NFKBIA,12.567700437723602,1.2370646511725078e-39
TNFa,BCL2A1,17.22500760515418,2.2152125002444432e-39
TNFa,INHBA,15.563198677198198,2.7724337915234324e-39
TNFa,IL36G,13.425174324449806,2.414213576654985e-38
TNFa,SERPINA3,11.405799324373938,3.235211833015019e-36
TNFa,PLAU,11.492884155720912,6.131240359053328e-36
TNFa,CCL20,38.38796712436,8.993110280953715e-36
TNFa,SLC2A6,10.249108343655784,1.4907067910209946e-34
TNFa,MRGPRX3,10.786210563963566,2.8452556921321573e-34
TNFa,NINJ1,8.560734676796455,1.0692845565398218e-33
TNFa,CXCL3,23.758105672194567,3.145344951458408e-32
TNFa,BIRC3,13.582045497557385,1.2661131734842019e-31
TNFa,IFNGR2,7.3777888714754125,1.5091864594985724e-31
TNFa,TCIM,8.472723921002293,2.17679097363067e-31
TNFa,BID,5.60413176278799,4.072669531590969e-31
TNFa,CSF3,6.343140375426898,4.119815663376026e-31
TNFa,NFKB1,9.348958018199768,1.2635966292967596e-30
TNFa,CXCL2,8.954759574671543,2.106153087755463e-30
TNFa,DRAM1,10.758252373531665,4.37400297064642e-30
TNFa,PPP4R4,3.3280546089658753,5.0440835186056496e-30
TNFa,CD83,11.002664858510604,8.362908053154002e-30
TNFa,IKBKE,3.773163181244649,6.210359860861656e-29
TNFa,CLDN1,9.089955595164122,2.391442657918279e-28
TNFa,C1QTNF1,5.762291356418425,3.396864883067059e-28
TNFa,IRF1,15.650726704349548,5.169439657959005e-28
TNFa,NKX3-1,2.871632769332402,1.044050522757306e-27
TNFa,TRIM47,5.244304088277187,1.3030530162682614e-26
TNFa,CXCL6,10.517614056873304,1.5425248209456495e-26
TNFa,TNIP1,6.429594434462538,4.493864124524537e-26
TNFa,MMP12,6.477017108768284,5.911088691977699e-26
TNFa,BMP2,8.582446164835554,7.28722577295543e-26
TNFa,CFB,7.426735426480381,1.5413325019456616e-25
TNFa,CCL2,19.84618276040007,1.7240385292722288e-25
TNFa,TICAM1,3.4637566632122025,2.6986084298285123e-25
TNFa,CTHRC1,9.459560282116046,3.4289863595318615e-25
TNFa,IL6,19.70357332798217,3.9717298042035658e-25
TNFa,NFKB2,5.002450148328656,1.3771278306673215e-24
TNFa,SOD2,13.62311027435944,3.4324763009304185e-24
TNFa,MMP9,12.588757730190256,3.832470767231821e-24
TNFa,RHCG,3.101600356415304,1.0873911203646477e-23
TNFa,TIFA,6.052292771609127,1.6523670372553294e-23
TNFa,MMP10,8.347427839604803,3.3111616564941695e-23
TNFa,TAPBP,3.979742516720568,4.103919904023549e-23
TNFa,IGFL1,8.951569979952977,7.040220346872821e-23
TNFa,B4GALT1,2.7458532611816775,8.391247968124623e-23
TNFa,DTX2,2.931319728324946,1.3987667763344256e-22
TNFa,TNIP2,3.3942899778951263,2.8548311279288092e-22
TNFa,PTX3,21.50273416683471,4.630937097196981e-22
TNFa,CYLD,2.875463653861722,7.968648754577041e-22
TNFa,EDN1,7.585623802775744,9.74937275411214e-22
TNFa,TMEM217,4.038150679601343,1.7352607310019007e-21
TNFa,RIPK2,5.572407893721106,2.6006735955072557e-21
TNFa,SDC4,8.12277620754622,3.4111430585593374e-21
TNFa,USP43,3.4492245557244177,6.059841661377993e-21
TNFa,RND1,4.684880682722876,6.322399588562917e-21
TNFa,BDKRB1,4.922306051821282,6.359058570564687e-21
TNFa,BIRC2,4.671661250669304,1.0394713348004861e-20
TNFa,CTSS,6.3975388341766894,2.5106874426098532e-20
TNFa,MMP13,7.1057590330167395,3.402346737618159e-20
TNFa,ETS1,4.591170934354626,3.688531084883448e-20
TNFa,APBA3,2.177085765123919,3.8841290668175997e-20
TNFa,TYMP,4.018625143360947,4.7724778175867637e-20
TNFa,NECAP2,2.727408520220788,5.284032270368677e-20
TNFa,C11orf96,4.7666690506666924,1.0974370224949225e-19
TNFa,ANKLE2,2.3679316803426,1.2144014274530354e-19
TNFa,WTAP,3.2215281990206424,1.2880250113853994e-19
TNFa,TRAF1,9.396001195110344,2.342053113809262e-19
TNFa,SQOR,5.95671516807764,3.9004115433143956e-19
TNFa,UBE2Z,2.248799621815309,4.620564222337351e-19
TNFa,CXCL1,20.42654598346696,7.38237568752855e-19
TNFa,KRT6B,4.416223266815222,9.342149966353016e-19
TNFa,CLUHP3,1.9472882155556552,1.67081631849567e-18
TNFa,CFLAR,3.7265442353972937,1.8025589785652324e-18
TNFa,SRGN,3.9513283861811814,2.4731618712458367e-18
TNFa,GPR176,3.0121862726163635,3.578615583120003e-18
TNFa,C3,9.89843789140028,4.91248690159217e-18
TNFa,TNFAIP1,2.77854938464495,7.548024644920566e-18
TNFa,SLC41A2,5.357994940261768,1.1711646825360694e-17
TNFa,PDPN,2.3542506787145947,1.5047553071232642e-17
TNFa,IL1RN,4.754297985994012,1.9287826948515018e-17
TNFa,AKR1B1,6.596693035594108,2.812720808732553e-17
TNFa,GSAP,4.868162413678591,2.813611477905165e-17
TNFa,UXS1,4.234970822197877,3.304165409332944e-17
TNFa,RHBDL2,3.677837371267748,3.517182445204472e-17
TNFa,NFKBIB,2.087127406943084,3.567144543351117e-17
TNFa,IL15,5.507100222307256,3.6737653377891134e-17
TNFa,STAT5A,3.633489294363245,5.1551979680829406e-17
Trail,FRMPD1,-2.2346142429872535,9.378504783965282e-7
Trail,WT1-AS,2.225105360384251,2.0316748081384e-6
Trail,WNT8A,-1.8469616099390895,3.7954690629227326e-5
Trail,GPR18,3.2408048258403106,6.109071645036811e-5
Trail,TEC,2.0513216388446684,6.328979971400229e-5
Trail,TAS2R5,-2.176068075314979,6.829751749988986e-5
Trail,NPY,1.60672627320766,5.7655543561847e-4
Trail,KLHL14,-1.762760000960198,6.4910740528861e-4
Trail,RAG2,1.571449059191501,0.00119285830611305
Trail,SCNN1D,-1.4200458064659192,0.00144676074725903
Trail,ZIM3,1.498060659268145,0.00154725325753382
Trail,C17orf99,2.213003215232074,0.00158685767793328
Trail,RHEBL1,4.128711528789865,0.00173821466080988
Trail,GNL3L,-2.059139733833549,0.00223684971444097
Trail,TLDC2,1.7471644560687452,0.00240349069862939
Trail,KASH5,1.6994590812716333,0.00253635099647631
Trail,TMEM259,-1.4901164662989912,0.00284526329660649
Trail,CALML6,1.6775881055019897,0.00291077618936012
Trail,TMEM273,2.0389521808061852,0.00356488738031601
Trail,CST7,2.084534800857333,0.00372027741067118
Trail,DMRTC2,-1.4874649932723798,0.00398494091653205
Trail,NPW,-2.20001978697375,0.00408840301091871
Trail,ADAMTS17,-1.5773492573585983,0.00464109627122315
Trail,MS4A1,1.479370071782234,0.00483123362297769
Trail,FLCN,1.593439448237178,0.00504624946998927
Trail,AGAP6,-1.8548930173359528,0.00572987193323133
Trail,C7orf77,-1.43061942551172,0.00627660038180605
Trail,HVCN1,2.1822532622856,0.00640174407107377
Trail,WFDC10A,1.5981959590783616,0.00646373327732644
Trail,LIM2,1.123151435766687,0.00657899527540708
Trail,TESPA1,0.9666588741374412,0.00792358497815471
Trail,CD1A,1.6916094831884645,0.00819255427282478
Trail,ZNRF4,1.03388541926211,0.0083612853949196
Trail,WDR97,-1.3506488351485857,0.00856687541069262
Trail,HTR1F,-1.436708264256362,0.00869979994453147
Trail,TRIM72,1.5866385550003113,0.0089445396135316
Trail,PDAP1,-1.3704966032123196,0.00910543784367737
Trail,RAB37,2.947927917738633,0.00935286485162762
Trail,CCDC28A-AS1,-1.632533040853792,0.00937778059797194
Trail,LSM12,-1.9787703156243888,0.00980716494437086
Trail,DNAJB8,-1.3663966648633838,0.01006322349810786
Trail,BHMT,1.276672382636482,0.01044181728271813
Trail,BRS3,0.8574735612780043,0.01046176514835872
Trail,KRT35,1.08224727064896,0.01153349119572058
Trail,KCNA5,1.4800500658955051,0.01175583600761159
Trail,ATP5F1E,1.4563903905956763,0.0119733489120218
Trail,KCNAB3,-0.951733669534874,0.01202193026736802
Trail,TLR10,-1.518578263933709,0.01246890515720466
Trail,MYOC,1.001947096180015,0.01283686018566707
Trail,RRP12,-1.140568662757773,0.01308391494398418
Trail,SPINK2,1.3331660939551442,0.01328118533766394
Trail,RNF175,2.80090306130311,0.01346759776487053
Trail,TMEM74,1.23206479186322,0.01370126258413397
Trail,CBFA2T3,2.0847503708249637,0.01412431546760133
Trail,OR5K1,-1.2612460538902648,0.01447620527584554
Trail,UAP1L1,2.7973723557199803,0.01450349724730938
Trail,STEEP1,-1.3793938976580724,0.01496645041951218
Trail,TAS2R9,1.11704778475682,0.01519622709379358
Trail,GLIPR1L1,1.1622241729387786,0.01522933275890546
Trail,NFAM1,1.1389091200150856,0.01544950078148604
Trail,BACH2,1.939233902245995,0.01615289337177476
Trail,NDST3,0.966563798250112,0.0162068920505637
Trail,VHL,-1.1923081070046433,0.01656486415043126
Trail,SLC7A9,1.2157107689110207,0.016851286260355
Trail,IFNLR1,1.714247303156265,0.01748804635722752
Trail,RGSL1,0.8317474214346863,0.01751390143276473
Trail,DDX19A,-1.456258613225155,0.0175244501209552
Trail,GH1,0.7103620260458975,0.01806563882220845
Trail,DDX42,-1.398836095701123,0.01824322668593611
Trail,AGAP4,-2.574493363329712,0.01830670419452693
Trail,OVOL3,0.8709491112709934,0.01879505434522309
Trail,LCA5L,1.259311043074329,0.01891611059522982
Trail,NLRP9,1.2592040112566834,0.01960681044317012
Trail,MED18,-1.8389796442172464,0.02029633261760494
Trail,CD79A,0.973768673164574,0.02079421429390467
Trail,MCCC2,-1.5768266135876654,0.02084406327576115
Trail,AFMID,-2.3130551431257875,0.02126710604157924
Trail,ODAD3,1.339219565318123,0.02145567084509475
Trail,XAB2,1.3952715996439196,0.0217120503629598
Trail,OR1D2,1.0070387474722884,0.02204801789094319
Trail,ASZ1,1.178534516706493,0.02232738555988176
Trail,RBBP5,-1.6934393976864148,0.0224406590571888
Trail,MED12L,1.3554099904795696,0.02285406634947888
Trail,QPCTL,-1.0947281396271689,0.02343361227166083
Trail,HTR3C,1.0882583303983988,0.02394040054158113
Trail,RFPL3,1.0796540441100462,0.02431309820639549
Trail,MS4A5,0.9477577680782964,0.02468378710739375
Trail,EPB42,0.9258457795433074,0.02582814522888056
Trail,CLVS1,-1.2863268876552971,0.02628943898284096
Trail,TTC16,1.0100425178189505,0.02661060843909202
Trail,VIPR2,0.6960471915006315,0.02687100367324503
Trail,FMNL1,1.2568113488975738,0.02713839767479124
Trail,ZNF99,-0.992769199540952,0.02721363206561577
Trail,TXNL1,-1.1387778548620822,0.02741836787732532
Trail,SPATA46,1.2152591977316571,0.02747312196713052
Trail,VPREB3,1.9346643133862609,0.02825976167457227
Trail,FAAP24,-1.373246413704388,0.02896236209769026
Trail,ADAMTSL5,1.2043014133372123,0.02904633406190343
Trail,NAP1L4,-0.9598660971932734,0.02937420402550259
Trail,LILRA2,1.048734964207806,0.02981480461446258
VEGF,CRACD,-4.8711900304965905,6.718536428197919e-25
VEGF,VWA8,-3.606804340408493,1.4495264783510656e-18
VEGF,NLGN1,-5.61807493255322,2.6587072033134223e-18
VEGF,NRG3,-5.823747328850695,1.0848074064123792e-16
VEGF,KCNK10,2.883306363931166,1.8129867744560688e-16
VEGF,HTR1F,-2.2364597930220778,3.5995334959879984e-16
VEGF,EPHA3,-4.434085608580629,2.235583802258865e-15
VEGF,ZNF257,-4.556145548139363,2.3777080912211994e-15
VEGF,JCHAIN,-3.347995012762441,5.5608237572610785e-15
VEGF,PHACTR3,-9.249968612082682,1.011070142172699e-14
VEGF,HACD4,-3.762313919779542,1.1282634808679238e-14
VEGF,VPREB3,-3.3923379350007634,1.891521866905961e-14
VEGF,NCKAP5,-8.071059398131732,3.32455086300093e-14
VEGF,CYTL1,3.4783279013951853,6.839027533814339e-14
VEGF,NID2,-4.917471725170819,7.483498153358544e-14
VEGF,SCML4,-1.878268205527691,9.302387388747145e-14
VEGF,XKR4,-3.632515763615389,1.5630763399480364e-13
VEGF,CPA6,-2.5637682550218517,2.38313613099601e-13
VEGF,PKHD1L1,-2.1052040386225586,5.61260386364014e-13
VEGF,ART4,-2.064522495593021,6.361502459689535e-13
VEGF,VASH2,-3.04376019627761,6.958274887766004e-13
VEGF,SPINK2,-1.891189378201046,7.325558113509615e-13
VEGF,EPN2,10.766190218432923,8.360524244550617e-13
VEGF,MYO3A,-1.9521780420749844,1.3735145974779008e-12
VEGF,VPREB1,-3.1796901692438966,1.561078318117296e-12
VEGF,UNC5D,-2.5394275494386593,1.6543320954122692e-12
VEGF,IGLL1,-3.384890550843615,2.2368084929544948e-12
VEGF,TMCC3,7.271993918756322,3.484161723937361e-12
VEGF,SMAD1,-3.8011115644634703,4.877765354270952e-12
VEGF,RORB,-2.774477402073862,5.942831573891949e-12
VEGF,CCDC81,-2.3013636649140867,8.871468561814117e-12
VEGF,IRAG2,-3.312305070115477,9.768300137380408e-12
VEGF,CD72,-2.717726388533283,1.1488437103631098e-11
VEGF,SRGAP2,-4.340003643824051,1.2071243066158536e-11
VEGF,PIEZO2,-1.891097003678188,1.3078376619667235e-11
VEGF,BEND4,-2.470928435437117,1.354811377206286e-11
VEGF,GP5,-1.5919264340509562,1.5372952345114853e-11
VEGF,CDC37L1,3.3029194866435816,2.393830326198685e-11
VEGF,CCM2,4.274565169024873,2.4894534079885983e-11
VEGF,ALDH1A1,-6.402508328154738,2.5258540818833684e-11
VEGF,SPAG6,-1.5709152686418195,3.0223452796181866e-11
VEGF,ZNF597,3.020880055459865,3.037204600348437e-11
VEGF,NUDT19,-9.11136805816042,3.4921932370363144e-11
VEGF,CRYM,3.4610332609011807,4.31513119937676e-11
VEGF,ANKS1B,-2.57751849088035,4.4444504999133024e-11
VEGF,ZNF669,-2.1874532085885523,4.72312053345635e-11
VEGF,P2RY14,2.8300020949268188,4.945732593458565e-11
VEGF,ZNF347,3.0310536501075847,5.930410566218676e-11
VEGF,IMMP2L,-2.01199922020731,9.776995841876076e-11
VEGF,C1QTNF4,-1.859168026274888,9.840916940587531e-11
VEGF,CD93,3.080460251428571,1.0057868209122673e-10
VEGF,PTCH1,-2.784163823230688,1.1897202105721924e-10
VEGF,ADGRD1,-3.686645232646942,1.4345444003308318e-10
VEGF,LINC01558,-1.206426456524229,1.6465530794583527e-10
VEGF,IKZF3,-1.6069478763992708,1.872055897524917e-10
VEGF,AHRR,18.5042225173004,2.1051085237278164e-10
VEGF,RGL1,9.312973586573625,2.6488863091772985e-10
VEGF,HMHB1,-1.709453283798115,2.8314873999200667e-10
VEGF,SENP5,1.8655494571140576,2.860694644656742e-10
VEGF,ZNF200,3.504692053097271,3.088276300041993e-10
VEGF,MZB1,-1.7013074123621696,3.2390178973688905e-10
VEGF,NKD2,3.8953837260047064,3.5124904944304007e-10
VEGF,CNR1,-1.4561375900150673,3.803018044662587e-10
VEGF,DCHS2,-1.7317454315883083,4.076288648472172e-10
VEGF,TTC28,-2.073896421754878,4.2793844000505537e-10
VEGF,XK,-4.115595055397848,5.426996522703071e-10
VEGF,WNT16,-2.03801122829194,5.969558478744859e-10
VEGF,ZNF415,-2.783465058459749,6.072730842274421e-10
VEGF,SMCO3,-2.1019845722626846,6.28283030269135e-10
VEGF,BCAR3,5.832010393160435,7.346295834877162e-10
VEGF,LMO2,3.651742989258342,7.51891367978119e-10
VEGF,CAMK4,-2.5470576373038605,8.073542258901241e-10
VEGF,ARL9,-2.323345400183588,8.09678501139205e-10
VEGF,FAT1,-5.105384181917695,9.922852422526506e-10
VEGF,PLAA,2.3023833908939983,1.015053848298715e-9
VEGF,RUBCNL,3.1367475160911016,1.0369003424824903e-9
VEGF,CPVL,-4.0383857404609005,1.236119807232517e-9
VEGF,MYEF2,-2.3686464295413723,1.352930555746453e-9
VEGF,CSMD1,-1.3544722047731637,1.636343559606733e-9
VEGF,TMSB15B,-2.2212495971070054,1.8288588538906294e-9
VEGF,DGKE,1.5475614473782888,1.8443569446415119e-9
VEGF,LIPC,-2.3050569576885223,2.001574292215273e-9
VEGF,ALKBH1,1.755942028468947,2.2359120336149953e-9
VEGF,HOXD10,-1.8270196328254271,2.301613653693591e-9
VEGF,CCDC141,-1.5880119781607391,2.53347360386626e-9
VEGF,SAP30BP,1.7531166229969712,2.541799249923214e-9
VEGF,NPTX1,2.3786718041515704,2.6200696455492512e-9
VEGF,IL21R,2.5436936116743767,3.038952679723392e-9
VEGF,KIF26A,-2.1074504888575207,3.101793956696252e-9
VEGF,ANXA5,-5.2687827034245744,3.126164545441194e-9
VEGF,TRPC6,-2.1253456820911896,3.193323277473768e-9
VEGF,SLC38A4,-2.2295562647496485,3.837951952111013e-9
VEGF,SLFN13,-3.5315526394775434,5.475838953220464e-9
VEGF,ZNF202,2.3065370796653744,5.654221484405511e-9
VEGF,ASTE1,2.65124034624065,6.236622225379327e-9
VEGF,GRIP1,-1.6175279401412324,6.376122542996651e-9
VEGF,SST,-1.2248248638572286,6.603797167106566e-9
VEGF,CAPSL,-2.4983608220933804,6.81889660494827e-9
VEGF,SLC25A43,-4.358305529742228,6.864100931382634e-9
VEGF,GPR68,2.157206936951082,7.3036195338756615e-9
WNT,BMP4,5.93683107305,2.5117168915e-10
WNT,SIGLEC6,2.0207361471,2.34785797904e-9
WNT,NPY2R,1.38723387106,8.66691702251e-9
WNT,CSF3R,1.93231537539,3.02194158545e-7
WNT,KRT23,4.12161155069,5.46398873532e-7
WNT,FGF20,-2.0880306196,5.99759318512e-7
WNT,FGF3,-1.75149878034,6.95045464352e-7
WNT,MSX1,4.13090389196,1.20655935318e-6
WNT,RNF43,3.62818214446,1.4031369546e-6
WNT,CYP24A1,4.69230392105,4.71457364124e-6
WNT,BMP7,2.09307161751,1.06805103588e-5
WNT,NTF3,2.27388978335,1.56616390991e-5
WNT,FGD2,1.63117929701,2.12330440955e-5
WNT,ALOX12,-2.38809168835,2.26079183195e-5
WNT,ANKRD1,5.75344104425,3.89586688146e-5
WNT,FOXJ2,1.31222701553,6.05737606683e-5
WNT,KIF26B,1.36180050783,6.88326375137e-5
WNT,RUBCNL,2.90072733261,8.16874483651e-5
WNT,KLK10,2.00418100752,8.67928478255e-5
WNT,SYT12,-1.25326075663,1.03359276663e-4
WNT,CACNA1E,1.07499664802,1.03819365547e-4
WNT,LY86,1.59625220102,1.88794580507e-4
WNT,SLC7A8,-2.4843729916,2.55840859267e-4
WNT,ANO2,1.36220022375,2.71853308515e-4
WNT,GPR22,-1.02298721746,3.06318830639e-4
WNT,TCTN2,-1.51731000002,3.63802600662e-4
WNT,PLA2R1,-1.1473081003,4.3154454415e-4
WNT,SBSPON,1.4732102099,4.92143876491e-4
WNT,GFRA2,1.36711872351,6.15454476643e-4
WNT,MSX2,1.56657068981,6.24635395585e-4
WNT,CPLX2,-1.04050048512,6.29542350627e-4
WNT,SNTB1,1.76849258398,6.34353018584e-4
WNT,RBMS2,2.11730003842,6.52883662358e-4
WNT,C2CD3,1.45436019911,6.71018806142e-4
WNT,IRS1,3.18782977995,6.77146160567e-4
WNT,SNCAIP,1.43635014664,6.84510890974e-4
WNT,SFRP5,-1.07940364175,6.936654665e-4
WNT,ZNF613,1.33650285529,7.49468654752e-4
WNT,ARL4C,3.27342846498,7.67026874809e-4
WNT,CAMK1D,1.84366782207,8.5834320087e-4
WNT,RAP2B,2.32707816213,9.23448819569e-4
WNT,SYK,-1.72470371194,9.61543134275e-4
WNT,ZNF385D,-1.28117922528,0.00104211930459
WNT,HOXB3,1.15163784334,0.00110033603615
WNT,B3GNT2,2.16641085465,0.0011133369452
WNT,TDRKH,-1.71027369375,0.00111520058608
WNT,KLHL4,1.54051285835,0.00114797669738
WNT,C4BPB,1.60281111775,0.00138877955408
WNT,PRDM5,0.987983717211,0.0016632867864
WNT,IL12RB1,0.839411846655,0.00170918624308
WNT,TSHZ2,-1.23388644759,0.00175648006775
WNT,MAB21L4,2.50620955677,0.00189873143397
WNT,FOXF1,-1.92842044692,0.00198206109101
WNT,ZNF701,1.03723151382,0.00198342140623
WNT,UPK1B,1.62050396442,0.00199485545678
WNT,OLFM4,-1.42315030737,0.00233193330248
WNT,AVPR1A,-0.583503378752,0.002616819342
WNT,RASGRP2,-1.28386241053,0.0027686071582
WNT,DLX5,1.64452023135,0.0027959639827
WNT,CLDN4,-1.89939345585,0.00281909102652
WNT,GNG11,2.09852650379,0.00288828454631
WNT,BNC1,1.58225139336,0.00290312755367
WNT,ZNF230,1.38534278144,0.00324531887819
WNT,LPAR2,1.26399445256,0.00331915742373
WNT,TRMT2B,1.80002842507,0.00341862787052
WNT,ASB4,-0.728762798846,0.00350588560801
WNT,ZNF43,2.2320690359,0.00357670958258
WNT,KCNJ10,-1.43276659141,0.00366710244234
WNT,ITGB7,1.36135777708,0.0038032648039
WNT,HIRA,1.72585140096,0.00412580248755
WNT,DESI2,1.10426832494,0.00439472464868
WNT,EYA4,1.39326162198,0.0044040834368
WNT,APBB1,-1.01528790297,0.0046106646729
WNT,MSI1,1.00152333996,0.00478340779841
WNT,KCNJ5,-0.970656340025,0.00494852099435
WNT,ANGPT1,-1.92617170318,0.00498163096702
WNT,ZFP30,1.53566031892,0.00498560551434
WNT,TBXT,-0.954038286972,0.00549736080612
WNT,MSH3,0.863448783565,0.00556448056192
WNT,CD244,0.75606236887,0.00588321045121
WNT,GNAO1,-0.915037841756,0.00633185783819
WNT,IGF1,1.35948123623,0.00677818966146
WNT,TPH1,1.0144342317,0.00692100552716
WNT,TLE4,-1.73347206901,0.00713974314072
WNT,LGALS14,0.981538986418,0.00719725792556
WNT,NCAM1,-0.877086430495,0.00743489897373
WNT,PIEZO2,-1.05133509247,0.007650404056
WNT,IL1RL1,2.08077074582,0.00804057919216
WNT,SEC31B,1.44708283337,0.0081756890797
WNT,WFDC2,-1.31768738028,0.00818971424443
WNT,HOXB5,1.13995823557,0.00829007336729
WNT,FASLG,-1.44349654904,0.00874322319687
WNT,AIRE,0.756269896603,0.00882285526742
WNT,SEL1L3,-1.62188109405,0.00898612368622
WNT,ZNF45,2.19565822721,0.00923027291226
WNT,CD48,1.57824848108,0.00939056115579
WNT,ZNF552,1.10289013974,0.00941593102656
WNT,RNASEH2B,1.05685087869,0.00954080307465
WNT,IGFBP1,1.48422826766,0.00959796972265
WNT,ANKMY1,0.58688972167,0.00984532791376
p53,GLS2,6.452464884676295,7.444302119114394e-37
p53,MDM2,8.193488269182302,2.11943038773031e-35
p53,ZNF79,4.020263344398706,4.598743461223099e-34
p53,FDXR,11.994495921690351,5.589482112157635e-32
p53,LCE1B,11.81373659688734,7.809540411041469e-30
p53,FAS,12.03060138237465,5.084622819683362e-29
p53,CABYR,6.125471912191974,7.222742369849845e-29
p53,SESN1,12.529228897463508,1.1006063162621056e-27
p53,PIDD1,5.9606407237831895,8.951616615973905e-27
p53,TP53I3,18.261147329238344,7.054366682767536e-26
p53,ABCA12,9.597182118769553,1.4456440839259408e-25
p53,SMIM10L2A,6.372565195229573,1.9700412400591057e-25
p53,DNAI3,13.098405880124508,3.529796272317069e-25
p53,CDKN1A,15.956970310754723,1.1433541637266967e-24
p53,SPATA18,7.848997964782883,9.931028589379374e-24
p53,CES2,7.280384841566823,3.510565638252734e-23
p53,CDIP1,5.049443582282436,2.1191086822643055e-22
p53,RETSAT,7.1367279861364885,2.1643910187521175e-22
p53,PRKAB1,4.520029459285258,4.368610794567392e-22
p53,CYP4F2,4.139434854074782,4.461810686551058e-22
p53,KLHDC7A,4.5662746090957205,5.802258547614345e-22
p53,GPR87,10.836121759977534,5.815992995409197e-22
p53,POLH,5.176012643300875,9.80645884129403e-22
p53,XPC,6.5870260085933134,2.0325793992613876e-21
p53,PPM1D,6.249520581062231,2.274331303140215e-21
p53,ANKRA2,10.889630974186884,2.3274710913417092e-21
p53,PADI4,4.107730147663894,2.525955743394791e-20
p53,NECTIN4,9.30887621816103,3.571951752913305e-20
p53,SLC52A1,4.155589845831009,4.333476251537492e-20
p53,PHLDA3,6.790437343039215,2.3013971354221595e-19
p53,DDB2,8.185583260145169,9.811928600856914e-19
p53,RRM2B,10.632927679406718,1.2367909697861247e-18
p53,EDA2R,3.1791323026964338,1.2761386677329318e-18
p53,ZNF337,3.3017630301456933,1.7112964298839239e-18
p53,MUC19,7.040110233355504,7.882477631858184e-18
p53,TNFRSF10B,6.009459388470295,1.4686211598265458e-17
p53,FBXW7,4.283285582331321,1.8541971846469148e-17
p53,CLCA2,10.519255935623086,1.9611077963640674e-17
p53,ZMAT3,7.956698264614689,2.0082366428989178e-17
p53,STAG1,-3.8651133486903544,2.8698027860194254e-17
p53,TMEM63B,4.807352226655814,3.6159379274940137e-17
p53,SCN3B,4.85900175146136,3.670749606704567e-17
p53,DRAXIN,6.014405244852632,4.0334435322594803e-17
p53,SERPINB5,4.796405609625523,4.112840584649806e-17
p53,RPS27L,6.25116452788065,1.1694257980802928e-16
p53,FAM13C,4.314974533860352,2.011905303679887e-16
p53,DGKA,5.381505634253098,2.0309716836866343e-16
p53,TIGAR,10.151495414110276,3.125945355536782e-16
p53,NRF1,-2.3510351484879664,3.677428704297723e-16
p53,ACER2,11.596064389645838,4.565216021900482e-16
p53,TP53INP1,8.65838226312228,4.973172228309132e-16
p53,STX6,3.465799996306623,6.751523609101231e-16
p53,BLOC1S2,7.412623260713744,7.305200523474058e-16
p53,CMBL,5.050855729202823,7.524814910614975e-16
p53,SRGAP3,2.5185476046162667,7.683250355713695e-16
p53,CLTRN,6.82934107641466,7.984341865558745e-16
p53,GRIN2C,1.839359805817828,9.251509592853384e-16
p53,CYFIP2,7.060904559614862,1.0711143957489865e-15
p53,TRIAP1,6.422788982189964,1.1169330549810198e-15
p53,ISCU,5.5123499539822856,1.563571821251317e-15
p53,ARHGAP11A,-7.976226363284924,2.1768799171797903e-15
p53,CCDC90B,3.3881094626363772,3.0857185899425408e-15
p53,NADSYN1,3.836912580332245,3.311624237752211e-15
p53,ZNF561,10.123218197683356,5.6136896090783975e-15
p53,ZSCAN4,3.1834625061636643,5.872070637093615e-15
p53,INPP1,7.488075835821861,5.903849617619438e-15
p53,LINC02875,3.2782830579474624,5.9962774545603695e-15
p53,TEX37,3.038482577506853,8.805929137275391e-15
p53,PGAP1,5.574287106918351,8.952021762484951e-15
p53,NBEAP1,6.712308533482899,1.0637206507919596e-14
p53,CSTA,9.006077703707733,1.1419112922293592e-14
p53,DQX1,4.387116105937616,2.339950499101493e-14
p53,PGF,4.454846512360694,2.7332038825944816e-14
p53,GRHL3,8.21231017387999,3.2644589014772715e-14
p53,C2orf66,11.503174325222073,3.4966837559473536e-14
p53,FBXO22,3.692526001627024,3.858551909693987e-14
p53,ANKRD20A12P,3.6917744097009817,4.144128972121403e-14
p53,KANK3,2.905439797175194,4.5547891726369465e-14
p53,RINL,4.514689686626452,4.9296362675229973e-14
p53,AK1,4.352992415044511,5.5135978471199295e-14
p53,ZNF83,-5.857518761394605,5.63136129860962e-14
p53,CYSRT1,5.076430758731781,5.902853842332645e-14
p53,GDF15,9.773981683840187,6.074626247332535e-14
p53,GRIP2,2.527611464512725,7.259838668833464e-14
p53,EFNB1,2.8656789911934504,9.567793016343545e-14
p53,AKR1B10,10.322077340036804,1.0531819700144749e-13
p53,CEL,4.049534672263433,1.2753774602132733e-13
p53,PLTP,6.885032885088286,1.4122245471989634e-13
p53,SLC44A5,5.043420920412067,2.426170486549142e-13
p53,EI24,4.09203042424567,2.473976855981682e-13
p53,CSMD3,4.812601463006893,3.051806596528235e-13
p53,RTL5,4.585514534840213,4.189441639804405e-13
p53,PDE6C,3.0141354028269594,4.593418278377203e-13
p53,CARNS1,4.538733844691278,4.730570458228758e-13
p53,LCE1C,30.220747276406065,6.048833086799863e-13
p53,CCDC150,-3.174527111270652,7.396252013866982e-13
p53,LCE1A,6.154822839299324,8.475457514198004e-13
p53,TREM2,4.101936615114059,9.739648030807857e-13
p53,GDF9,3.3557413439827735,1.0874333229436074e-12
p53,NHLH2,2.201637917221153,1.6515823556930304e-12
